"machine_id";"serial_number";"model";"capability";"no_of_modules";"software_version";"workstation";"ownership";"type_of_purchase"
1;704584;"GXIV-4L";"6C";4;4.8;"Laptop";"";"OTSUKA"
2;705175;"GXIV-4L";"6C";4;4.8;"Laptop";"";"OTSUKA"
3;706910;"GXIV-4L";"6C";4;5.1;"Laptop";"";"PBSP"
4;707072;"GXIV-4L";"6C";4;4.8;"Laptop";"";"PBSP"
5;707400;"GXIV-4L";"6C";4;4.8;"Laptop";"";"PBSP"
6;707433;"GXIV-4D";"6C";4;0.0;"Desktop";"";"PBSP"
7;707450;"GXIV-4L";"6C";4;4.8;"Laptop";"";"PBSP"
8;707452;"GXIV-4L";"6C";4;5.1;"Laptop";"";"PBSP"
9;707512;"GXIV-4L";"6C";4;4.8;"Laptop";"";"PBSP"
10;707513;"GXIV-4L";"6C";4;4.8;"Laptop";"";"PBSP"
11;707514;"GXIV-4L";"6C";4;4.8;"Laptop";"";"PBSP"
12;707515;"GXIV-4L";"6C";4;4.8;"Laptop";"";"PBSP"
13;707521;"GXIV-4L";"6C";4;4.8;"Laptop";"";"PBSP"
14;707523;"GXIV-4L";"6C";4;4.8;"Laptop";"";"PBSP"
15;707524;"GXIV-4L";"6C";4;5.1;"Laptop";"";"PBSP"
16;707527;"GXIV-4L";"6C";4;4.8;"Laptop";"";"PBSP"
17;707529;"GXIV-4L";"6C";4;4.8;"Laptop";"";"PBSP"
18;707531;"GXIV-4L";"6C";4;6.1;"Laptop";"";"PBSP"
19;707842;"GXIV-4L";"6C";4;4.8;"Laptop";"";"PBSP"
20;707843;"GXIV-4L";"6C";4;4.8;"Laptop";"";"PBSP"
21;708226;"GXIV-4L";"6C";4;0.0;"Laptop";"Purchase";"COMMERCIAL"
22;708254;"GXIV-4L";"6C";4;0.0;"Laptop";"Purchase";"COMMERCIAL"
23;708255;"GXIV-4L";"6C";4;0.0;"Laptop";"Purchase";"COMMERCIAL"
24;801080;"GXXVI-16-L";"6C";16;4.8;"Laptop";"";"PBSP"
25;801889;"GXIV-4D";"6C";4;0.0;"Desktop";"";"MACARE-HBDC"
26;802086;"GXIV-4D";"6C";4;4.8;"Desktop";"";"PBSP"
27;802117;"GXIV-4L";"6C";4;0.0;"Laptop";"Purchase";"COMMERCIAL"
28;802314;"GXII-2-L";"6C";2;0.0;"Laptop";"Purchase";"COMMERCIAL"
29;802421;"GXIV-4D";"6C";4;4.8;"Desktop";"";"PBSP"
30;802425;"GXIV-4D";"6C";4;4.8;"Desktop";"";"PBSP"
31;802511;"GXIV-4D";"6C";4;0.0;"Desktop";"";"DONATION"
32;802630;"GXIV-4D";"6C";4;0.0;"Desktop";"Tie-up";"COMMERCIAL"
33;802860;"GXIV-4D";"6C";4;6.1;"Desktop";"";"PBSP"
34;803086;"GXIV-4D";"6C";4;4.8;"Desktop";"";"PBSP"
35;803087;"GXIV-4D";"6C";4;4.8;"Desktop";"";"PBSP"
36;803088;"GXIV-4D";"6C";4;4.8;"Desktop";"";"PBSP"
37;803089;"GXIV-4D";"6C";4;4.8;"Desktop";"";"PBSP"
38;803109;"GXIV-4D";"6C";4;4.8;"Desktop";"";"PBSP"
39;803694;"GXIV-4D";"6C";4;4.8;"Desktop";"";"ICRC"
40;803869;"GXIV-4L";"6C";4;0.0;"Laptop";"Purchase";"COMMERCIAL"
41;803870;"GXIV-4L";"6C";4;0.0;"Laptop";"Purchase";"COMMERCIAL"
42;804205;"GXIV-4D";"6C";4;0.0;"Desktop";"Purchase";"COMMERCIAL"
43;804253;"GXIV-4D";"6C";4;4.8;"Desktop";"";"PBSP"
44;804254;"GXIV-4D";"6C";4;4.8;"Desktop";"";"PBSP"
45;804255;"GXIV-4D";"6C";4;4.8;"Desktop";"";"PBSP"
46;804256;"GXIV-4D";"6C";4;4.8;"Desktop";"";"PBSP"
47;804257;"GXIV-4D";"6C";4;6.1;"Desktop";"";"PBSP"
48;804260;"GXIV-4D";"6C";4;0.0;"Desktop";"Purchase";"COMMERCIAL"
49;804261;"GXIV-4D";"6C";4;4.8;"Desktop";"";"PBSP"
50;804262;"GXIV-4D";"6C";4;4.8;"Desktop";"";"PBSP"
51;804265;"GXIV-4D";"6C";4;4.8;"Desktop";"";"PBSP"
52;804267;"GXIV-4D";"6C";4;4.8;"Desktop";"";"PBSP"
53;804271;"GXIV-4D";"6C";4;5.1;"Desktop";"";"PBSP"
54;804272;"GXIV-4D";"6C";4;5.1;"Desktop";"";"PBSP"
55;804282;"GXIV-4D";"6C";4;4.8;"Desktop";"";"PBSP"
56;804286;"GXIV-4D";"6C";4;4.8;"Desktop";"";"PBSP"
57;804476;"GXXVI-12-D";"6C";12;0.0;"Desktop";"Purchase";"COMMERCIAL"
58;804680;"GXIV-4D";"6C";4;4.8;"Desktop";"";"PBSP"
59;804682;"GXIV-4D";"6C";4;4.8;"Desktop";"";"PBSP"
60;804683;"GXIV-4D";"6C";4;4.8;"Desktop";"";"PBSP"
61;804684;"GXIV-4D";"6C";4;4.8;"Desktop";"";"PBSP"
62;804685;"GXIV-4D";"6C";4;4.8;"Desktop";"";"PBSP"
63;804687;"GXIV-4D";"6C";4;4.8;"Desktop";"";"PBSP"
64;804688;"GXIV-4D";"6C";4;4.8;"Desktop";"";"PBSP"
65;804691;"GXIV-4D";"6C";4;4.8;"Desktop";"";"PBSP"
66;804692;"GXIV-4D";"6C";4;4.8;"Desktop";"";"PBSP"
67;804693;"GXIV-4D";"6C";4;4.8;"Desktop";"";"PBSP"
68;804698;"GXIV-4D";"6C";4;4.8;"Desktop";"";"PBSP"
69;804699;"GXIV-4D";"6C";4;4.8;"Desktop";"";"PBSP"
70;804700;"GXIV-4D";"6C";4;4.8;"Desktop";"";"PBSP"
71;804701;"GXIV-4D";"6C";4;5.1;"Desktop";"";"PBSP"
72;804702;"GXIV-4D";"6C";4;4.8;"Desktop";"";"PBSP"
73;804708;"GXIV-4D";"6C";4;4.8;"Desktop";"";"PBSP"
74;804713;"GXIV-4D";"6C";4;4.8;"Desktop";"";"PBSP"
75;804714;"GXIV-4D";"6C";4;5.1;"Desktop";"";"PBSP"
76;804715;"GXIV-4D";"6C";4;4.8;"Desktop";"";"PBSP"
77;804716;"GXIV-4D";"6C";4;4.8;"Desktop";"";"PBSP"
78;804722;"GXIV-4L";"6C";4;0.0;"Laptop";"Purchase";"COMMERCIAL"
79;804726;"GXIV-4D";"6C";4;5.1;"Desktop";"";"PBSP"
80;804763;"GXIV-4D";"6C";4;4.8;"Desktop";"";"PBSP"
81;804765;"GXIV-4D";"6C";4;4.8;"Desktop";"";"PBSP"
82;804766;"GXIV-4D";"6C";4;5.1;"Desktop";"";"PBSP"
83;804835;"GXIV-4D";"6C";4;4.8;"Desktop";"";"PBSP"
84;804837;"GXIV-4D";"6C";4;4.8;"Desktop";"";"PBSP"
85;804838;"GXIV-4D";"6C";4;4.8;"Desktop";"";"PBSP"
86;804839;"GXIV-4D";"6C";4;4.8;"Desktop";"";"PBSP"
87;804840;"GXIV-4D";"6C";4;4.8;"Desktop";"";"PBSP"
88;804964;"GXIV-4D";"6C";4;4.8;"Desktop";"";"PBSP"
89;805007;"GXIV-4D";"6C";4;4.8;"Desktop";"";"PBSP"
90;805009;"GXIV-4D";"6C";4;4.8;"Desktop";"";"PBSP"
91;805010;"GXIV-4D";"6C";4;4.8;"Desktop";"";"PBSP"
92;805033;"GXIV-4D";"6C";4;5.1;"Desktop";"";"PBSP"
93;805045;"GXIV-4D";"6C";4;4.8;"Desktop";"";"PBSP"
94;805060;"GXIV-4D";"6C";4;4.8;"Desktop";"";"PBSP"
95;805062;"GXIV-4D";"6C";4;4.8;"Desktop";"";"PBSP"
96;805063;"GXIV-4D";"6C";4;4.8;"Desktop";"";"PBSP"
97;805067;"GXIV-4D";"6C";4;4.8;"Desktop";"";"PBSP"
98;805070;"GXIV-4D";"6C";4;4.8;"Desktop";"";"PBSP"
99;805079;"GXIV-4D";"6C";4;5.1;"Desktop";"";"PBSP"
100;805090;"GXIV-4D";"6C";4;4.8;"Desktop";"";"PBSP"
101;805093;"GXIV-4D";"6C";4;5.1;"Desktop";"";"PBSP"
102;805099;"GXIV-4D";"6C";4;4.8;"Desktop";"";"PBSP"
103;805103;"GXIV-4D";"6C";4;4.8;"Desktop";"";"PBSP"
104;805104;"GXIV-4D";"6C";4;4.8;"Desktop";"";"PBSP"
105;805106;"GXIV-4D";"6C";4;4.8;"Desktop";"";"PBSP"
106;805107;"GXIV-4D";"6C";4;4.8;"Desktop";"";"PBSP"
107;805108;"GXIV-4D";"6C";4;6.1;"Desktop";"";"PBSP"
108;805109;"GXIV-4D";"6C";4;4.8;"Desktop";"";"PBSP"
109;805111;"GXIV-4D";"6C";4;4.8;"Desktop";"";"PBSP"
110;805112;"GXIV-4D";"6C";4;4.8;"Desktop";"";"PBSP"
111;805113;"GXIV-4D";"6C";4;4.8;"Desktop";"";"PBSP"
112;805121;"GXIV-4D";"6C";4;4.8;"Desktop";"";"PBSP"
113;805124;"GXIV-4D";"6C";4;4.8;"Desktop";"";"PBSP"
114;805211;"GXIV-4D";"6C";4;4.8;"Desktop";"";"PBSP"
115;805212;"GXIV-4D";"6C";4;4.8;"Desktop";"";"PBSP"
116;805214;"GXIV-4D";"6C";4;5.1;"Desktop";"";"PBSP"
117;805252;"GXIV-4D";"6C";4;4.8;"Desktop";"";"PBSP"
118;805253;"GXIV-4D";"6C";4;4.8;"Desktop";"";"PBSP"
119;805254;"GXIV-4D";"6C";4;4.8;"Desktop";"";"PBSP"
120;805258;"GXIV-4D";"6C";4;4.8;"Desktop";"";"PBSP"
121;805259;"GXIV-4D";"6C";4;4.8;"Desktop";"";"PBSP"
122;805260;"GXIV-4D";"6C";4;4.8;"Desktop";"";"PBSP"
123;805270;"GXIV-4D";"6C";4;4.8;"Desktop";"";"PBSP"
124;805271;"GXIV-4D";"6C";4;4.8;"Desktop";"";"PBSP"
125;805272;"GXIV-4D";"6C";4;4.8;"Desktop";"";"PBSP"
126;805275;"GXIV-4D";"6C";4;4.8;"Desktop";"";"PBSP"
127;805279;"GXIV-4D";"6C";4;4.8;"Desktop";"";"PBSP"
128;805280;"GXIV-4D";"6C";4;4.8;"Desktop";"";"PBSP"
129;805284;"GXIV-4D";"6C";4;0.0;"Desktop";"";"PBSP"
130;805288;"GXIV-4D";"6C";4;0.0;"Desktop";"";"IOM"
131;805294;"GXIV-4D";"6C";4;0.0;"Desktop";"";"MACARE-HBDC"
132;805329;"GXIV-4D";"6C";4;4.8;"Desktop";"";"PBSP"
133;805333;"GXIV-4D";"6C";4;5.1;"Desktop";"";"PBSP"
134;805335;"GXIV-4D";"6C";4;4.8;"Desktop";"";"PBSP"
135;805338;"GXIV-4D";"6C";4;0.0;"Desktop";"";"PBSP"
136;805339;"GXIV-4D";"6C";4;4.8;"Desktop";"";"PBSP"
137;805365;"GXIV-4L";"6C";4;0.0;"Laptop";"Purchase";"COMMERCIAL"
138;806201;"GXIV-4D";"6C";4;0.0;"Desktop";"Purchase";"COMMERCIAL"
139;806377;"GXIV-2-D";"6C";2;0.0;"Desktop";"Tie-up";"COMMERCIAL"
140;807112;"GXIV-4D";"6C";4;0.0;"Desktop";"";"MACARE-HBDC"
141;807128;"GXIV-4L";"6C";4;0.0;"Laptop";"Purchase";"COMMERCIAL"
142;807155;"GXIV-2-D";"6C";2;0.0;"Desktop";"Tie-up";"COMMERCIAL"
143;807360;"GXIV-4D";"6C";4;4.8;"Desktop";"";"PBSP"
144;807405;"GXIV-4D";"6C";4;4.8;"Desktop";"";"PBSP"
145;807430;"GXIV-4D";"6C";4;4.8;"Desktop";"";"PBSP"
146;807432;"GXIV-4D";"6C";4;4.8;"Desktop";"";"PBSP"
147;807452;"GXIV-4D";"6C";4;4.8;"Desktop";"";"PBSP"
148;807453;"GXIV-4D";"6C";4;4.8;"Desktop";"";"PBSP"
149;807454;"GXIV-4D";"6C";4;4.8;"Desktop";"";"PBSP"
150;807455;"GXIV-4D";"6C";4;4.8;"Desktop";"";"PBSP"
151;807456;"GXIV-4D";"6C";4;4.8;"Desktop";"";"PBSP"
152;807457;"GXIV-4D";"6C";4;4.8;"Desktop";"";"PBSP"
153;807458;"GXIV-4D";"6C";4;4.8;"Desktop";"";"PBSP"
154;807459;"GXIV-4D";"6C";4;4.8;"Desktop";"";"PBSP"
155;807460;"GXIV-4D";"6C";4;4.8;"Desktop";"";"PBSP"
156;807461;"GXIV-4D";"6C";4;4.8;"Desktop";"";"PBSP"
157;807462;"GXIV-4D";"6C";4;4.8;"Desktop";"";"PBSP"
158;807463;"GXIV-4D";"6C";4;4.8;"Desktop";"";"PBSP"
159;807464;"GXIV-4D";"6C";4;4.8;"Desktop";"";"PBSP"
160;807465;"GXIV-4D";"6C";4;4.8;"Desktop";"";"PBSP"
161;807466;"GXIV-4D";"6C";4;4.8;"Desktop";"";"PBSP"
162;807555;"GXIV-4D";"6C";4;4.8;"Desktop";"";"PBSP"
163;807560;"GXIV-4D";"6C";4;4.8;"Desktop";"";"PBSP"
164;807561;"GXIV-4D";"6C";4;4.8;"Desktop";"";"PBSP"
165;807562;"GXIV-4D";"6C";4;4.8;"Desktop";"";"PBSP"
166;807563;"GXIV-4D";"6C";4;4.8;"Desktop";"";"PBSP"
167;807564;"GXIV-4D";"6C";4;4.8;"Desktop";"";"PBSP"
168;807565;"GXIV-4D";"6C";4;4.8;"Desktop";"";"PBSP"
169;807566;"GXIV-4D";"6C";4;4.8;"Desktop";"";"PBSP"
170;807567;"GXIV-4D";"6C";4;4.8;"Desktop";"";"PBSP"
171;807568;"GXIV-4D";"6C";4;4.8;"Desktop";"";"PBSP"
172;807569;"GXIV-4D";"6C";4;4.8;"Desktop";"";"PBSP"
173;807570;"GXIV-4D";"6C";4;4.8;"Desktop";"";"PBSP"
174;807572;"GXIV-4D";"6C";4;4.8;"Desktop";"";"PBSP"
175;807578;"GXIV-4D";"6C";4;4.8;"Desktop";"";"PBSP"
176;807579;"GXIV-4D";"6C";4;4.8;"Desktop";"";"PBSP"
177;807580;"GXIV-4D";"6C";4;4.8;"Desktop";"";"PBSP"
178;807581;"GXIV-4D";"6C";4;4.8;"Desktop";"";"PBSP"
179;807582;"GXIV-4D";"6C";4;4.8;"Desktop";"";"PBSP"
180;807583;"GXIV-4D";"6C";4;4.8;"Desktop";"";"PBSP"
181;807584;"GXIV-4D";"6C";4;4.8;"Desktop";"";"PBSP"
182;807585;"GXIV-4D";"6C";4;4.8;"Desktop";"";"PBSP"
183;807586;"GXIV-4D";"6C";4;0.0;"Desktop";"";"PBSP"
184;807587;"GXIV-4D";"6C";4;4.8;"Desktop";"";"PBSP"
185;807588;"GXIV-4D";"6C";4;4.8;"Desktop";"";"PBSP"
186;807589;"GXIV-4D";"6C";4;4.8;"Desktop";"";"PBSP"
187;807590;"GXIV-4D";"6C";4;4.8;"Desktop";"";"PBSP"
188;807591;"GXIV-4D";"6C";4;4.8;"Desktop";"";"PBSP"
189;807592;"GXIV-4D";"6C";4;4.8;"Desktop";"";"PBSP"
190;807593;"GXIV-4D";"6C";4;4.8;"Desktop";"";"PBSP"
191;807594;"GXIV-4D";"6C";4;4.8;"Desktop";"";"PBSP"
192;807595;"GXIV-4D";"6C";4;4.8;"Desktop";"";"PBSP"
193;807596;"GXIV-4D";"6C";4;4.8;"Desktop";"";"PBSP"
194;807597;"GXIV-4D";"6C";4;4.8;"Desktop";"";"PBSP"
195;807598;"GXIV-4D";"6C";4;4.8;"Desktop";"";"PBSP"
196;807599;"GXIV-4D";"6C";4;4.8;"Desktop";"";"PBSP"
197;807600;"GXIV-4D";"6C";4;4.8;"Desktop";"";"PBSP"
198;807601;"GXIV-4D";"6C";4;4.8;"Desktop";"";"PBSP"
199;807602;"GXIV-4D";"6C";4;4.8;"Desktop";"";"PBSP"
200;807603;"GXIV-4D";"6C";4;4.8;"Desktop";"";"PBSP"
201;807604;"GXIV-4D";"6C";4;4.8;"Desktop";"";"PBSP"
202;807605;"GXIV-4D";"6C";4;4.8;"Desktop";"";"PBSP"
203;807606;"GXIV-4D";"6C";4;4.8;"Desktop";"";"PBSP"
204;807607;"GXIV-4D";"6C";4;4.8;"Desktop";"";"PBSP"
205;807608;"GXIV-4D";"6C";4;4.8;"Desktop";"";"PBSP"
206;807609;"GXIV-4D";"6C";4;4.8;"Desktop";"";"PBSP"
207;807610;"GXIV-4D";"6C";4;5.1;"Desktop";"";"PBSP"
208;807611;"GXIV-4D";"6C";4;4.8;"Desktop";"";"PBSP"
209;807612;"GXIV-4D";"6C";4;4.8;"Desktop";"";"PBSP"
210;807613;"GXIV-4D";"6C";4;4.8;"Desktop";"";"PBSP"
211;807614;"GXIV-4D";"6C";4;4.8;"Desktop";"";"PBSP"
212;807615;"GXIV-4D";"6C";4;4.8;"Desktop";"";"PBSP"
213;807616;"GXIV-4D";"6C";4;4.8;"Desktop";"";"PBSP"
214;807617;"GXIV-4D";"6C";4;4.8;"Desktop";"";"PBSP"
215;807618;"GXIV-4D";"6C";4;4.8;"Desktop";"";"PBSP"
216;807619;"GXIV-4D";"6C";4;4.8;"Desktop";"";"PBSP"
217;807620;"GXIV-4D";"6C";4;4.8;"Desktop";"";"PBSP"
218;807621;"GXIV-4D";"6C";4;4.8;"Desktop";"";"PBSP"
219;807622;"GXIV-4D";"6C";4;4.8;"Desktop";"";"PBSP"
220;807623;"GXIV-4D";"6C";4;4.8;"Desktop";"";"PBSP"
221;807624;"GXIV-4D";"6C";4;4.8;"Desktop";"";"PBSP"
222;807625;"GXIV-4D";"6C";4;4.8;"Desktop";"";"PBSP"
223;807661;"GXIV-4D";"6C";4;4.8;"Desktop";"";"PBSP"
224;807671;"GXIV-4D";"6C";4;4.8;"Desktop";"";"PBSP"
225;807672;"GXIV-4D";"6C";4;4.8;"Desktop";"";"PBSP"
226;807673;"GXIV-4D";"6C";4;4.8;"Desktop";"";"PBSP"
227;807674;"GXIV-4D";"6C";4;4.8;"Desktop";"";"PBSP"
228;807956;"GXIV-2-D";"6C";2;0.0;"Desktop";"Tie-up";"COMMERCIAL"
229;807980;"GXIV-4D";"6C";4;4.8;"Desktop";"";"PBSP"
230;807982;"GXIV-4D";"6C";4;4.8;"Desktop";"";"PBSP"
231;807983;"GXIV-4D";"6C";4;4.8;"Desktop";"";"PBSP"
232;807984;"GXIV-4D";"6C";4;4.8;"Desktop";"";"PBSP"
233;807987;"GXIV-4D";"6C";4;4.8;"Desktop";"";"PBSP"
234;807992;"GXIV-4D";"6C";4;0.0;"Desktop";"Purchase";"COMMERCIAL"
235;808015;"GXIV-4D";"6C";4;0.0;"Desktop";"";"MACARE-HBDC"
236;808092;"GXIV-4D";"6C";4;0.0;"Desktop";"";"MACARE-HBDC"
237;808268;"GXIV-4D";"6C";4;4.8;"Desktop";"";"PBSP"
238;808280;"GXIV-4D";"6C";4;4.8;"Desktop";"";"PBSP"
239;808282;"GXIV-4D";"6C";4;4.8;"Desktop";"";"PBSP"
240;808283;"GXIV-4D";"6C";4;5.1;"Desktop";"";"PBSP"
241;808285;"GXIV-4D";"6C";4;4.8;"Desktop";"";"PBSP"
242;808286;"GXIV-4D";"6C";4;4.8;"Desktop";"";"PBSP"
243;808287;"GXIV-4D";"6C";4;5.1;"Desktop";"";"PBSP"
244;808291;"GXIV-4D";"6C";4;4.8;"Desktop";"";"PBSP"
245;808292;"GXIV-4D";"6C";4;4.8;"Desktop";"";"PBSP"
246;808298;"GXIV-4D";"6C";4;4.8;"Desktop";"";"PBSP"
247;808411;"GXIV-2-D";"6C";2;0.0;"Desktop";"Purchase";"COMMERCIAL"
248;808414;"GXIV-4L";"6C";4;0.0;"Laptop";"Purchase";"COMMERCIAL"
249;808615;"GXIV-4D";"6C";4;4.8;"Desktop";"";"PBSP"
250;808616;"GXIV-4D";"6C";4;4.8;"Desktop";"";"PBSP"
251;808618;"GXIV-4D";"6C";4;4.8;"Desktop";"";"PBSP"
252;808619;"GXIV-4D";"6C";4;4.8;"Desktop";"";"PBSP"
253;808620;"GXIV-4D";"6C";4;4.8;"Desktop";"";"PBSP"
254;808621;"GXIV-4D";"6C";4;4.8;"Desktop";"";"PBSP"
255;808622;"GXIV-4D";"6C";4;4.8;"Desktop";"";"PBSP"
256;808623;"GXIV-4D";"6C";4;6.1;"Desktop";"";"PBSP"
257;808624;"GXIV-4D";"6C";4;4.8;"Desktop";"";"PBSP"
258;808625;"GXIV-4D";"6C";4;4.8;"Desktop";"";"PBSP"
259;808626;"GXIV-4D";"6C";4;4.8;"Desktop";"";"PBSP"
260;808628;"GXIV-4D";"6C";4;4.8;"Desktop";"";"PBSP"
261;808629;"GXIV-4D";"6C";4;4.8;"Desktop";"";"PBSP"
262;808630;"GXIV-4D";"6C";4;4.8;"Desktop";"";"PBSP"
263;808631;"GXIV-4D";"6C";4;4.8;"Desktop";"";"PBSP"
264;808632;"GXIV-4D";"6C";4;4.8;"Desktop";"";"PBSP"
265;808633;"GXIV-4D";"6C";4;4.8;"Desktop";"";"PBSP"
266;808635;"GXIV-4D";"6C";4;4.8;"Desktop";"";"PBSP"
267;808636;"GXIV-4D";"6C";4;4.8;"Desktop";"";"PBSP"
268;808637;"GXIV-4D";"6C";4;4.8;"Desktop";"";"PBSP"
269;808638;"GXIV-4D";"6C";4;4.8;"Desktop";"";"PBSP"
270;808639;"GXIV-4D";"6C";4;4.8;"Desktop";"";"PBSP"
271;808640;"GXIV-4D";"6C";4;4.8;"Desktop";"";"PBSP"
272;808641;"GXIV-4D";"6C";4;4.8;"Desktop";"";"PBSP"
273;808642;"GXIV-4D";"6C";4;4.8;"Desktop";"";"PBSP"
274;808643;"GXIV-4D";"6C";4;4.8;"Desktop";"";"PBSP"
275;808649;"GXIV-4D";"6C";4;4.8;"Desktop";"";"PBSP"
276;809257;"GXIV-4D";"6C";4;4.8;"Desktop";"";"PBSP"
277;809643;"INFINITY48-32-EURO";"6C";32;0.0;"Desktop";"";"MACARE-HBDC"
278;812006;"GXIV-4D";"6C";4;4.8;"Desktop";"";"PBSP"
279;812007;"GXIV-4D";"6C";4;4.8;"Desktop";"";"PBSP"
280;812017;"GXIV-4D";"6C";4;4.8;"Desktop";"";"PBSP"
281;812020;"GXIV-4D";"6C";4;4.8;"Desktop";"";"PBSP"
282;812380;"GXIV-4D";"6C";4;0.0;"Desktop";"";"CONSORTIUM"
283;812560;"GXIV-4D";"6C";4;0.0;"Desktop";"";"CONSORTIUM"
284;812561;"GXIV-4D";"6C";4;4.8;"Desktop";"";"PBSP"
285;812567;"GXIV-4D";"6C";4;0.0;"Desktop";"";"MACARE-HBDC"
286;812571;"GXIV-4D";"6C";4;0.0;"Desktop";"";"MACARE-HBDC"
287;812572;"GXIV-4D";"6C";4;0.0;"Desktop";"";"COMMERCIAL"
288;812770;"GXIV-4D";"6C";4;4.8;"Desktop";"";"PBSP"
289;812773;"GXIV-4D";"6C";4;4.8;"Desktop";"";"PBSP"
290;812774;"GXIV-4D";"6C";4;4.8;"Desktop";"";"PBSP"
291;812780;"GXIV-4D";"6C";4;4.8;"Desktop";"";"PBSP"
292;812786;"GXIV-4D";"6C";4;4.8;"Desktop";"";"PBSP"
293;812787;"GXIV-4D";"6C";4;4.8;"Desktop";"";"PBSP"
294;812788;"GXIV-4D";"6C";4;4.8;"Desktop";"";"PBSP"
295;812789;"GXIV-4D";"6C";4;4.8;"Desktop";"";"PBSP"
296;812790;"GXIV-4D";"6C";4;4.8;"Desktop";"";"PBSP"
297;812791;"GXIV-4D";"6C";4;4.8;"Desktop";"";"PBSP"
298;812792;"GXIV-4D";"6C";4;4.8;"Desktop";"";"PBSP"
299;812793;"GXIV-4D";"6C";4;4.8;"Desktop";"";"PBSP"
300;812794;"GXIV-4D";"6C";4;4.8;"Desktop";"";"PBSP"
301;812829;"GXIV-4D";"6C";4;4.8;"Desktop";"";"PBSP"
302;812830;"GXIV-4D";"6C";4;4.8;"Desktop";"";"PBSP"
303;812831;"GXIV-4D";"6C";4;4.8;"Desktop";"";"PBSP"
304;812832;"GXIV-4D";"6C";4;4.8;"Desktop";"";"PBSP"
305;812833;"GXIV-4D";"6C";4;4.8;"Desktop";"";"PBSP"
306;812834;"GXIV-4D";"6C";4;4.8;"Desktop";"";"PBSP"
307;812835;"GXIV-4D";"6C";4;4.8;"Desktop";"";"PBSP"
308;812836;"GXIV-4D";"6C";4;4.8;"Desktop";"";"PBSP"
309;812837;"GXIV-4D";"6C";4;4.8;"Desktop";"";"PBSP"
310;812838;"GXIV-4D";"6C";4;4.8;"Desktop";"";"PBSP"
311;812916;"GXII-2-D";"6C";2;0.0;"Desktop";"Purchase";"COMMERCIAL"
312;814131;"GXIV-4D";"6C";4;0.0;"Desktop";"Purchase";"COMMERCIAL"
313;814150;"GXIV-4D";"6C";4;0.0;"Desktop";"Tie-up";"COMMERCIAL"
314;814151;"GXIV-4D";"6C";4;4.8;"Desktop";"";"PBSP"
315;814152;"GXIV-4D";"6C";4;4.8;"Desktop";"";"PBSP"
316;814153;"GXIV-4D";"6C";4;4.8;"Desktop";"";"PBSP"
317;814154;"GXIV-4D";"6C";4;4.8;"Desktop";"";"PBSP"
318;814155;"GXIV-4D";"6C";4;4.8;"Desktop";"";"PBSP"
319;814156;"GXIV-4D";"6C";4;4.8;"Desktop";"";"PBSP"
320;814157;"GXIV-4D";"6C";4;4.8;"Desktop";"";"PBSP"
321;814158;"GXIV-4D";"6C";4;4.8;"Desktop";"";"PBSP"
322;814159;"GXIV-4D";"6C";4;4.8;"Desktop";"";"PBSP"
323;814160;"GXIV-4D";"6C";4;4.8;"Desktop";"";"PBSP"
324;814161;"GXIV-4D";"6C";4;4.8;"Desktop";"";"PBSP"
325;814162;"GXIV-4D";"6C";4;4.8;"Desktop";"";"PBSP"
326;814163;"GXIV-4D";"6C";4;4.8;"Desktop";"";"PBSP"
327;814165;"GXIV-4D";"6C";4;4.8;"Desktop";"";"PBSP"
328;814166;"GXIV-4D";"6C";4;4.8;"Desktop";"";"PBSP"
329;814168;"GXIV-4D";"6C";4;5.1;"Desktop";"";"PBSP"
330;814177;"GXIV-4D";"6C";4;4.8;"Desktop";"";"PBSP"
331;814182;"GXIV-4D";"6C";4;4.8;"Desktop";"";"PBSP"
332;814370;"GXIV-4D";"6C";4;4.8;"Desktop";"";"PBSP"
333;814371;"GXIV-4D";"6C";4;4.8;"Desktop";"";"PBSP"
334;814372;"GXIV-4D";"6C";4;4.8;"Desktop";"";"PBSP"
335;814373;"GXIV-4D";"6C";4;4.8;"Desktop";"";"PBSP"
336;814374;"GXIV-4D";"6C";4;4.8;"Desktop";"";"PBSP"
337;814375;"GXIV-4D";"6C";4;4.8;"Desktop";"";"PBSP"
338;814376;"GXIV-4D";"6C";4;4.8;"Desktop";"";"PBSP"
339;814377;"GXIV-4D";"6C";4;4.8;"Desktop";"";"PBSP"
340;814378;"GXIV-4D";"6C";4;4.8;"Desktop";"";"PBSP"
341;815255;"GXIV-4D";"6C";4;0.0;"Desktop";"";"IOM"
342;815267;"GXIV-4D";"6C";4;4.8;"Desktop";"";"PBSP"
343;815268;"GXIV-4D";"6C";4;5.1;"Desktop";"";"PBSP"
344;815269;"GXIV-4D";"6C";4;4.8;"Desktop";"";"PBSP"
345;815270;"GXIV-4D";"6C";4;4.8;"Desktop";"";"PBSP"
346;815271;"GXIV-4D";"6C";4;4.8;"Desktop";"";"PBSP"
347;815272;"GXIV-4D";"6C";4;4.8;"Desktop";"";"PBSP"
348;815273;"GXIV-4D";"6C";4;4.8;"Desktop";"";"PBSP"
349;815274;"GXIV-4D";"6C";4;4.8;"Desktop";"";"PBSP"
350;815275;"GXIV-4D";"6C";4;4.8;"Desktop";"";"PBSP"
351;815276;"GXIV-4D";"6C";4;4.8;"Desktop";"";"PBSP"
352;815277;"GXIV-4D";"6C";4;4.8;"Desktop";"";"PBSP"
353;815278;"GXIV-4D";"6C";4;4.8;"Desktop";"";"PBSP"
354;815279;"GXIV-4D";"6C";4;4.8;"Desktop";"";"PBSP"
355;815280;"GXIV-4D";"6C";4;5.1;"Desktop";"";"PBSP"
356;815281;"GXIV-4D";"6C";4;5.1;"Desktop";"";"PBSP"
357;815282;"GXIV-4D";"6C";4;5.1;"Desktop";"";"PBSP"
358;815283;"GXIV-4D";"6C";4;4.8;"Desktop";"";"PBSP"
359;815284;"GXIV-4D";"6C";4;4.8;"Desktop";"";"PBSP"
360;815285;"GXIV-4D";"6C";4;4.8;"Desktop";"";"PBSP"
361;815286;"GXIV-4D";"6C";4;4.8;"Desktop";"";"PBSP"
362;815304;"GXIV-4D";"6C";4;4.8;"Desktop";"";"PBSP"
363;815380;"GXIV-4D";"6C";4;4.8;"Desktop";"";"PBSP"
364;815381;"GXIV-4D";"6C";4;4.8;"Desktop";"";"PBSP"
365;815382;"GXIV-4D";"6C";4;4.8;"Desktop";"";"PBSP"
366;815383;"GXIV-4D";"6C";4;4.8;"Desktop";"";"PBSP"
367;815384;"GXIV-4D";"6C";4;4.8;"Desktop";"";"PBSP"
368;815385;"GXIV-4D";"6C";4;4.8;"Desktop";"";"PBSP"
369;815386;"GXIV-4D";"6C";4;4.8;"Desktop";"";"PBSP"
370;815387;"GXIV-4D";"6C";4;4.8;"Desktop";"";"PBSP"
371;815388;"GXIV-4D";"6C";4;4.8;"Desktop";"";"PBSP"
372;815389;"GXIV-4D";"6C";4;4.8;"Desktop";"";"PBSP"
373;815390;"GXIV-4D";"6C";4;4.8;"Desktop";"";"PBSP"
374;815391;"GXIV-4D";"6C";4;4.8;"Desktop";"";"PBSP"
375;815392;"GXIV-4D";"6C";4;4.8;"Desktop";"";"PBSP"
376;815393;"GXIV-4D";"6C";4;4.8;"Desktop";"";"PBSP"
377;815394;"GXIV-4D";"6C";4;4.8;"Desktop";"";"PBSP"
378;815395;"GXIV-4D";"6C";4;4.8;"Desktop";"";"PBSP"
379;815396;"GXIV-4D";"6C";4;4.8;"Desktop";"";"PBSP"
380;815427;"GXIV-4D";"6C";4;4.8;"Desktop";"";"PBSP"
381;815428;"GXIV-4D";"6C";4;4.8;"Desktop";"";"PBSP"
382;815429;"GXIV-4D";"6C";4;4.8;"Desktop";"";"PBSP"
383;815430;"GXIV-4D";"6C";4;4.8;"Desktop";"";"PBSP"
384;815431;"GXIV-4D";"6C";4;4.8;"Desktop";"";"PBSP"
385;815432;"GXIV-4D";"6C";4;4.8;"Desktop";"";"PBSP"
386;815433;"GXIV-4D";"6C";4;0.0;"Desktop";"";"PBSP"
387;815434;"GXIV-4D";"6C";4;4.8;"Desktop";"";"PBSP"
388;815435;"GXIV-4D";"6C";4;4.8;"Desktop";"";"PBSP"
389;815436;"GXIV-4D";"6C";4;4.8;"Desktop";"";"PBSP"
390;815463;"GXIV-4D";"6C";4;4.8;"Desktop";"";"PBSP"
391;815464;"GXIV-4D";"6C";4;4.8;"Desktop";"";"PBSP"
392;815484;"GXIV-4D";"6C";4;4.8;"Desktop";"";"PBSP"
393;815485;"GXIV-4D";"6C";4;4.8;"Desktop";"";"PBSP"
394;815489;"GXIV-4D";"6C";4;4.8;"Desktop";"";"PBSP"
395;815490;"GXIV-4D";"6C";4;4.8;"Desktop";"";"PBSP"
396;815496;"GXIV-4D";"6C";4;4.8;"Desktop";"";"PBSP"
397;815497;"GXIV-4D";"6C";4;4.8;"Desktop";"";"PBSP"
398;815498;"GXIV-4D";"6C";4;4.8;"Desktop";"";"PBSP"
399;815686;"GXIV-4D";"6C";4;0.0;"Desktop";"";"MACARE-HBDC"
400;816476;"GXIV-4D";"6C";4;0.0;"Desktop";"";"MACARE-HBDC"
401;818902;"GXIV-4D";"6C";4;4.8;"Desktop";"";"ICRC"
402;819356;"GXXVI-16-D";"6C";16;0.0;"Desktop";"";"MACARE-HBDC"
403;819452;"GXIV-4D";"6C";4;0.0;"Desktop";"";"MACARE-HBDC"
404;819864;"GXIV-4D";"6C";4;4.8;"Desktop";"";"DOH 136"
405;820184;"GXIV-4D";"6C";4;4.8;"Desktop";"";"DOH 136"
406;820201;"GXIV-4D";"6C";4;4.8;"Desktop";"";"DOH 136"
407;820204;"GXIV-4D";"6C";4;4.8;"Desktop";"";"DOH 136"
408;820206;"GXIV-4D";"6C";4;4.8;"Desktop";"";"DOH 136"
409;820210;"GXIV-4D";"6C";4;4.8;"Desktop";"";"DOH 136"
410;820228;"GXIV-4D";"6C";4;6.1;"Desktop";"";"DOH 136"
411;820229;"GXIV-4D";"6C";4;4.8;"Desktop";"";"DOH 136"
412;820303;"GXII-2-D";"6C";2;0.0;"Desktop";"Purchase";"COMMERCIAL"
413;820705;"GXIV-4D";"6C";4;4.8;"Desktop";"";"DOH 136"
414;820708;"GXIV-4D";"6C";4;4.8;"Desktop";"";"DOH 136"
415;820710;"GXIV-4D";"6C";4;4.8;"Desktop";"";"DOH 136"
416;821003;"GXIV-4D";"6C";4;4.8;"Desktop";"";"DOH 136"
417;821156;"GXIV-4D";"6C";4;4.8;"Desktop";"";"DOH 136"
418;821163;"GXIV-4D";"6C";4;4.8;"Desktop";"";"DOH 136"
419;821164;"GXIV-4D";"6C";4;4.8;"Desktop";"";"DOH 136"
420;821189;"GXIV-4D";"6C";4;4.8;"Desktop";"";"DOH 136"
421;821213;"GXIV-4D";"6C";4;4.8;"Desktop";"";"DOH 136"
422;821214;"GXIV-4D";"6C";4;4.8;"Desktop";"";"DOH 136"
423;821215;"GXIV-4D";"6C";4;4.8;"Desktop";"";"DOH 136"
424;821216;"GXIV-4D";"6C";4;4.8;"Desktop";"";"DOH 136"
425;821219;"GXIV-4D";"6C";4;4.8;"Desktop";"";"DOH 136"
426;821221;"GXIV-4D";"6C";4;4.8;"Desktop";"";"DOH 136"
427;821224;"GXIV-4D";"6C";4;4.8;"Desktop";"";"DOH 136"
428;821227;"GXIV-4D";"6C";4;4.8;"Desktop";"";"DOH 136"
429;821257;"GXIV-4L";"6C";4;0.0;"Laptop";"Purchase";"COMMERCIAL"
430;821278;"GXIV-4D";"6C";4;4.8;"Desktop";"";"DOH 136"
431;821279;"GXIV-4D";"6C";4;4.8;"Desktop";"";"DOH 136"
432;821284;"GXIV-4D";"6C";4;4.8;"Desktop";"";"DOH 136"
433;821292;"GXIV-4D";"6C";4;4.8;"Desktop";"";"DOH 136"
434;821293;"GXIV-4D";"6C";4;4.8;"Desktop";"";"DOH 136"
435;821297;"GXIV-4D";"6C";4;4.8;"Desktop";"";"DOH 136"
436;821299;"GXIV-4D";"6C";4;4.8;"Desktop";"";"DOH 136"
437;821300;"GXIV-4D";"6C";4;4.8;"Desktop";"";"DOH 136"
438;821317;"GXIV-4D";"6C";4;4.8;"Desktop";"";"DOH 136"
439;821340;"GXIV-4D";"6C";4;4.8;"Desktop";"";"DOH 136"
440;821420;"GXIV-4D";"6C";4;4.8;"Desktop";"";"DOH 136"
441;821421;"GXIV-4D";"6C";4;4.8;"Desktop";"";"DOH 136"
442;821471;"GXIV-4D";"6C";4;0.0;"Desktop";"Purchase";"COMMERCIAL"
443;821632;"GXIV-4D";"6C";4;0.0;"Desktop";"";"MACARE-HBDC"
444;821648;"GXIV-4D";"6C";4;0.0;"Desktop";"";"MACARE-HBDC"
445;829390;"GXIV-4D";"6C";4;0.0;"Desktop";"";"MACARE-HBDC"
446;829419;"GXIV-4D";"6C";4;0.0;"Desktop";"Tie-up";"COMMERCIAL"
447;830841;"GXII-2-D";"6C";2;0.0;"Desktop";"Purchase";"COMMERCIAL"
448;830842;"GXII-2-D";"6C";2;0.0;"Desktop";"Purchase";"COMMERCIAL"
449;831292;"GXIV-4D";"6C";4;0.0;"Desktop";"Purchase";"COMMERCIAL"
450;831313;"GXIV-4D";"6C";4;0.0;"Desktop";"Purchase";"COMMERCIAL"
451;831316;"GXIV-4D";"6C";4;0.0;"Desktop";"Purchase";"COMMERCIAL"
452;831527;"GXIV-4D";"6C";4;4.8;"Desktop";"";"DOH 136"
453;831530;"GXIV-4D";"6C";4;4.8;"Desktop";"";"DOH 136"
454;831534;"GXIV-4D";"6C";4;4.8;"Desktop";"";"DOH 136"
455;831562;"GXIV-4D";"6C";4;4.8;"Desktop";"";"DOH 136"
456;831582;"GXIV-4D";"6C";4;4.8;"Desktop";"";"DOH 136"
457;831586;"GXIV-4D";"6C";4;4.8;"Desktop";"";"DOH 136"
458;831587;"GXIV-4D";"6C";4;4.8;"Desktop";"";"DOH 136"
459;831588;"GXIV-4D";"6C";4;4.8;"Desktop";"";"DOH 136"
460;831591;"GXIV-4D";"6C";4;4.8;"Desktop";"";"DOH 136"
461;831592;"GXIV-4D";"6C";4;4.8;"Desktop";"";"DOH 136"
462;831596;"GXIV-4D";"6C";4;4.8;"Desktop";"";"DOH 136"
463;831597;"GXIV-4D";"6C";4;4.8;"Desktop";"";"DOH 136"
464;831598;"GXIV-4D";"6C";4;4.8;"Desktop";"";"DOH 136"
465;831599;"GXIV-4D";"6C";4;4.8;"Desktop";"";"DOH 136"
466;831607;"GXIV-4D";"6C";4;4.8;"Desktop";"";"DOH 136"
467;831608;"GXIV-4D";"6C";4;4.8;"Desktop";"";"DOH 136"
468;831610;"GXIV-4D";"6C";4;4.8;"Desktop";"";"DOH 136"
469;831611;"GXIV-4D";"6C";4;4.8;"Desktop";"";"DOH 136"
470;831612;"GXIV-4D";"6C";4;4.8;"Desktop";"";"DOH 136"
471;831613;"GXIV-4D";"6C";4;4.8;"Desktop";"";"DOH 136"
472;831614;"GXIV-4D";"6C";4;4.8;"Desktop";"";"DOH 136"
473;831615;"GXIV-4D";"6C";4;4.8;"Desktop";"";"DOH 136"
474;831618;"GXIV-4D";"6C";4;4.8;"Desktop";"";"DOH 136"
475;831620;"GXIV-4D";"6C";4;4.8;"Desktop";"";"DOH 136"
476;831621;"GXIV-4D";"6C";4;4.8;"Desktop";"";"DOH 136"
477;831623;"GXIV-4D";"6C";4;4.8;"Desktop";"";"DOH 136"
478;831626;"GXIV-4D";"6C";4;4.8;"Desktop";"";"DOH 136"
479;831636;"GXIV-4D";"6C";4;4.8;"Desktop";"";"DOH 136"
480;831637;"GXIV-4D";"6C";4;4.8;"Desktop";"";"DOH 136"
481;831638;"GXIV-4D";"6C";4;4.8;"Desktop";"";"DOH 136"
482;831641;"GXIV-4D";"6C";4;4.8;"Desktop";"";"DOH 136"
483;831642;"GXIV-4D";"6C";4;4.8;"Desktop";"";"DOH 136"
484;831644;"GXIV-4D";"6C";4;4.8;"Desktop";"";"DOH 136"
485;831645;"GXIV-4D";"6C";4;4.8;"Desktop";"";"DOH 136"
486;831668;"GXIV-4D";"6C";4;4.8;"Desktop";"";"DOH 136"
487;831669;"GXIV-4D";"6C";4;4.8;"Desktop";"";"DOH 136"
488;831671;"GXIV-4D";"6C";4;4.8;"Desktop";"";"DOH 136"
489;831672;"GXIV-4D";"6C";4;4.8;"Desktop";"";"DOH 136"
490;831673;"GXIV-4D";"6C";4;4.8;"Desktop";"";"DOH 136"
491;831677;"GXIV-4D";"6C";4;4.8;"Desktop";"";"DOH 136"
492;831684;"GXIV-4D";"6C";4;4.8;"Desktop";"";"DOH 136"
493;831691;"GXIV-4D";"6C";4;4.8;"Desktop";"";"DOH 136"
494;831692;"GXIV-4D";"6C";4;4.8;"Desktop";"";"DOH 136"
495;831693;"GXIV-4D";"6C";4;4.8;"Desktop";"";"DOH 136"
496;831694;"GXIV-4D";"6C";4;4.8;"Desktop";"";"DOH 136"
497;831695;"GXIV-4D";"6C";4;4.8;"Desktop";"";"DOH 136"
498;831696;"GXIV-4D";"6C";4;4.8;"Desktop";"";"DOH 136"
499;831697;"GXIV-4D";"6C";4;4.8;"Desktop";"";"DOH 136"
500;831698;"GXIV-4D";"6C";4;4.8;"Desktop";"";"DOH 136"
501;831700;"GXIV-4D";"6C";4;4.8;"Desktop";"";"DOH 136"
502;831711;"GXIV-4D";"6C";4;4.8;"Desktop";"";"DOH 136"
503;831712;"GXIV-4D";"6C";4;4.8;"Desktop";"";"DOH 136"
504;831714;"GXIV-4D";"6C";4;4.8;"Desktop";"";"DOH 136"
505;831718;"GXIV-4D";"6C";4;4.8;"Desktop";"";"DOH 136"
506;831719;"GXIV-4D";"6C";4;4.8;"Desktop";"";"DOH 136"
507;831721;"GXIV-4D";"6C";4;4.8;"Desktop";"";"DOH 136"
508;831729;"GXIV-4D";"6C";4;4.8;"Desktop";"";"DOH 136"
509;831843;"GXIV-4D";"6C";4;4.8;"Desktop";"";"DOH 136"
510;831844;"GXIV-4D";"6C";4;4.8;"Desktop";"";"DOH 136"
511;831845;"GXIV-4D";"6C";4;4.8;"Desktop";"";"DOH 136"
512;831847;"GXIV-4D";"6C";4;4.8;"Desktop";"";"DOH 136"
513;831848;"GXIV-4D";"6C";4;4.8;"Desktop";"";"DOH 136"
514;831871;"GXIV-4D";"6C";4;4.8;"Desktop";"";"DOH 136"
515;831872;"GXIV-4D";"6C";4;4.8;"Desktop";"";"DOH 136"
516;831873;"GXIV-4D";"6C";4;4.8;"Desktop";"";"DOH 136"
517;831874;"GXIV-4D";"6C";4;4.8;"Desktop";"";"DOH 136"
518;831875;"GXIV-4D";"6C";4;4.8;"Desktop";"";"DOH 136"
519;831876;"GXIV-4D";"6C";4;4.8;"Desktop";"";"DOH 136"
520;831877;"GXIV-4D";"6C";4;4.8;"Desktop";"";"DOH 136"
521;831878;"GXIV-4D";"6C";4;4.8;"Desktop";"";"DOH 136"
522;831889;"GXIV-4D";"6C";4;4.8;"Desktop";"";"DOH 136"
523;831890;"GXIV-4D";"6C";4;4.8;"Desktop";"";"DOH 136"
524;831891;"GXIV-4D";"6C";4;4.8;"Desktop";"";"DOH 136"
525;831892;"GXIV-4D";"6C";4;4.8;"Desktop";"";"DOH 136"
526;831893;"GXIV-4D";"6C";4;4.8;"Desktop";"";"DOH 136"
527;831894;"GXIV-4D";"6C";4;4.8;"Desktop";"";"DOH 136"
528;831895;"GXIV-4D";"6C";4;4.8;"Desktop";"";"DOH 136"
529;831896;"GXIV-4D";"6C";4;4.8;"Desktop";"";"DOH 136"
530;831897;"GXIV-4D";"6C";4;4.8;"Desktop";"";"DOH 136"
531;831898;"GXIV-4D";"6C";4;4.8;"Desktop";"";"DOH 136"
532;831899;"GXIV-4D";"6C";4;4.8;"Desktop";"";"DOH 136"
533;831900;"GXIV-4D";"6C";4;4.8;"Desktop";"";"DOH 136"
534;831901;"GXIV-4D";"6C";4;5.1;"Desktop";"";"DOH 136"
535;831902;"GXIV-4D";"6C";4;4.8;"Desktop";"";"DOH 136"
536;831903;"GXIV-4D";"6C";4;4.8;"Desktop";"";"DOH 136"
537;831904;"GXIV-4D";"6C";4;4.8;"Desktop";"";"DOH 136"
538;831905;"GXIV-4D";"6C";4;4.8;"Desktop";"";"DOH 136"
539;831906;"GXIV-4D";"6C";4;4.8;"Desktop";"";"DOH 136"
540;831907;"GXIV-4D";"6C";4;4.8;"Desktop";"";"DOH 136"
541;831908;"GXIV-4D";"6C";4;4.8;"Desktop";"";"DOH 136"
542;831909;"GXIV-4D";"6C";4;4.8;"Desktop";"";"DOH 136"
543;831910;"GXIV-4D";"6C";4;4.8;"Desktop";"";"DOH 136"
544;831911;"GXIV-4D";"6C";4;4.8;"Desktop";"";"DOH 136"
545;831912;"GXIV-4D";"6C";4;4.8;"Desktop";"";"DOH 136"
546;831913;"GXIV-4D";"6C";4;4.8;"Desktop";"";"DOH 136"
547;831914;"GXIV-4D";"6C";4;4.8;"Desktop";"";"DOH 136"
548;831915;"GXIV-4D";"6C";4;4.8;"Desktop";"";"DOH 136"
549;831916;"GXIV-4D";"6C";4;4.8;"Desktop";"";"DOH 136"
550;831917;"GXIV-4D";"6C";4;4.8;"Desktop";"";"DOH 136"
551;831918;"GXIV-4D";"6C";4;4.8;"Desktop";"";"DOH 136"
552;832026;"GXIV-4D";"6C";4;0.0;"Desktop";"";"MACARE-HBDC"
553;832028;"GXIV-4D";"6C";4;0.0;"Desktop";"";"MACARE-HBDC"
554;834112;"GXIV-2-D";"6C";2;0.0;"Desktop";"Purchase";"COMMERCIAL"
555;834128;"GXIV-2-D";"6C";2;0.0;"Desktop";"Purchase";"COMMERCIAL"
556;834369;"GXIV-2-D";"6C";2;0.0;"Desktop";"";"PBSP"
557;834370;"GXIV-2-D";"6C";2;5.1;"Desktop";"";"PBSP"
558;834385;"GXIV-2-D";"6C";2;5.1;"Desktop";"";"PBSP"
559;834430;"GXIV-4D";"6C";4;5.1;"Desktop";"";"PBSP"
560;834431;"GXIV-4D";"6C";4;5.1;"Desktop";"";"PBSP"
561;834432;"GXIV-4D";"6C";4;5.1;"Desktop";"";"PBSP"
562;834433;"GXIV-4D";"6C";4;5.1;"Desktop";"";"PBSP"
563;834434;"GXIV-4D";"6C";4;5.1;"Desktop";"";"PBSP"
564;834435;"GXIV-4D";"6C";4;5.1;"Desktop";"";"PBSP"
565;834436;"GXIV-4D";"6C";4;0.0;"Desktop";"";"PBSP"
566;834437;"GXIV-4D";"6C";4;5.1;"Desktop";"";"PBSP"
567;834438;"GXIV-4D";"6C";4;5.1;"Desktop";"";"PBSP"
568;834440;"GXIV-4D";"6C";4;5.1;"Desktop";"";"PBSP"
569;834441;"GXIV-4D";"6C";4;5.1;"Desktop";"";"PBSP"
570;834442;"GXIV-4D";"6C";4;5.1;"Desktop";"";"PBSP"
571;834443;"GXIV-4D";"6C";4;5.1;"Desktop";"";"PBSP"
572;834444;"GXIV-4D";"6C";4;5.1;"Desktop";"";"PBSP"
573;834445;"GXIV-4D";"6C";4;5.1;"Desktop";"";"PBSP"
574;834446;"GXIV-4D";"6C";4;5.1;"Desktop";"";"PBSP"
575;834447;"GXIV-4D";"6C";4;5.1;"Desktop";"";"PBSP"
576;834448;"GXIV-4D";"6C";4;5.1;"Desktop";"";"PBSP"
577;834449;"GXIV-4D";"6C";4;5.1;"Desktop";"";"PBSP"
578;834620;"GXIV-4D";"6C";4;5.1;"Desktop";"";"PBSP"
579;834621;"GXIV-4D";"6C";4;0.0;"Desktop";"";"PBSP"
580;834622;"GXIV-4D";"6C";4;5.1;"Desktop";"";"PBSP"
581;834623;"GXIV-4D";"6C";4;5.1;"Desktop";"";"PBSP"
582;834624;"GXIV-4D";"6C";4;5.1;"Desktop";"";"PBSP"
583;834625;"GXIV-4D";"6C";4;5.1;"Desktop";"";"PBSP"
584;834626;"GXIV-4D";"6C";4;5.1;"Desktop";"";"PBSP"
585;834627;"GXIV-4D";"6C";4;5.1;"Desktop";"";"PBSP"
586;834628;"GXIV-4D";"6C";4;5.1;"Desktop";"";"PBSP"
587;834629;"GXIV-4D";"6C";4;5.1;"Desktop";"";"PBSP"
588;834664;"GXIV-4D";"6C";4;5.1;"Desktop";"";"PBSP"
589;834684;"GXIV-4D";"6C";4;5.1;"Desktop";"";"PBSP"
590;834685;"GXIV-4D";"6C";4;5.1;"Desktop";"";"PBSP"
591;834686;"GXIV-4D";"6C";4;5.1;"Desktop";"";"PBSP"
592;834687;"GXIV-4D";"6C";4;5.1;"Desktop";"";"PBSP"
593;834688;"GXIV-4D";"6C";4;5.1;"Desktop";"";"PBSP"
594;834689;"GXIV-4D";"6C";4;5.1;"Desktop";"";"PBSP"
595;834690;"GXIV-4D";"6C";4;5.1;"Desktop";"";"PBSP"
596;834691;"GXIV-4D";"6C";4;5.1;"Desktop";"";"PBSP"
597;834692;"GXIV-4D";"6C";4;5.1;"Desktop";"";"PBSP"
598;834693;"GXIV-4D";"6C";4;5.1;"Desktop";"";"PBSP"
599;834802;"GXIV-2-D";"6C";2;5.1;"Desktop";"";"PBSP"
600;834803;"GXIV-2-D";"6C";2;5.1;"Desktop";"";"PBSP"
601;834804;"GXIV-2-D";"6C";2;5.1;"Desktop";"";"PBSP"
602;834805;"GXIV-2-D";"6C";2;5.1;"Desktop";"";"PBSP"
603;834806;"GXIV-2-D";"6C";2;5.1;"Desktop";"";"PBSP"
604;834807;"GXIV-2-D";"6C";2;5.1;"Desktop";"";"PBSP"
605;834808;"GXIV-2-D";"6C";2;5.1;"Desktop";"";"PBSP"
606;834809;"GXIV-2-D";"6C";2;5.1;"Desktop";"";"PBSP"
607;834810;"GXIV-2-D";"6C";2;5.1;"Desktop";"";"PBSP"
608;834811;"GXIV-2-D";"6C";2;5.1;"Desktop";"";"PBSP"
609;834812;"GXIV-2-D";"6C";2;5.1;"Desktop";"";"PBSP"
610;834813;"GXIV-2-D";"6C";2;5.1;"Desktop";"";"PBSP"
611;834814;"GXIV-2-D";"6C";2;5.1;"Desktop";"";"PBSP"
612;834815;"GXIV-2-D";"6C";2;5.1;"Desktop";"";"PBSP"
613;834816;"GXIV-2-D";"6C";2;5.1;"Desktop";"";"PBSP"
614;834817;"GXIV-2-D";"6C";2;5.1;"Desktop";"";"PBSP"
615;834818;"GXIV-2-D";"6C";2;5.1;"Desktop";"";"PBSP"
616;834819;"GXIV-2-D";"6C";2;5.1;"Desktop";"";"PBSP"
617;834821;"GXIV-2-D";"6C";2;5.1;"Desktop";"";"PBSP"
618;834822;"GXIV-2-D";"6C";2;5.1;"Desktop";"";"PBSP"
619;834823;"GXIV-2-D";"6C";2;5.1;"Desktop";"";"PBSP"
620;834824;"GXIV-2-D";"6C";2;5.1;"Desktop";"";"PBSP"
621;834825;"GXIV-2-D";"6C";2;5.1;"Desktop";"";"PBSP"
622;834826;"GXIV-2-D";"6C";2;5.1;"Desktop";"";"PBSP"
623;834827;"GXIV-2-D";"6C";2;5.1;"Desktop";"";"PBSP"
624;834828;"GXIV-2-D";"6C";2;5.1;"Desktop";"";"PBSP"
625;834829;"GXIV-2-D";"6C";2;5.1;"Desktop";"";"PBSP"
626;834830;"GXIV-2-D";"6C";2;5.1;"Desktop";"";"PBSP"
627;834831;"GXIV-2-D";"6C";2;5.1;"Desktop";"";"PBSP"
628;834832;"GXIV-2-D";"6C";2;5.1;"Desktop";"";"PBSP"
629;834833;"GXIV-2-D";"6C";2;5.1;"Desktop";"";"PBSP"
630;834834;"GXIV-2-D";"6C";2;5.1;"Desktop";"";"PBSP"
631;834835;"GXIV-2-D";"6C";2;5.1;"Desktop";"";"PBSP"
632;834836;"GXIV-2-D";"6C";2;5.1;"Desktop";"";"PBSP"
633;834837;"GXIV-2-D";"6C";2;5.1;"Desktop";"";"PBSP"
634;834839;"GXIV-2-D";"6C";2;5.1;"Desktop";"";"PBSP"
635;834840;"GXIV-2-D";"6C";2;5.1;"Desktop";"";"PBSP"
636;834841;"GXIV-2-D";"6C";2;5.1;"Desktop";"";"PBSP"
637;834842;"GXIV-2-D";"6C";2;5.1;"Desktop";"";"PBSP"
638;834843;"GXIV-2-D";"6C";2;5.1;"Desktop";"";"PBSP"
639;834953;"GXIV-4D";"6C";4;0.0;"Desktop";"";"MACARE-HBDC"
640;835055;"GXIV-2-D";"6C";2;5.1;"Desktop";"";"PBSP"
641;835056;"GXIV-2-D";"6C";2;5.1;"Desktop";"";"PBSP"
642;835057;"GXIV-2-D";"6C";2;5.1;"Desktop";"";"PBSP"
643;835058;"GXIV-2-D";"6C";2;5.1;"Desktop";"";"PBSP"
644;835059;"GXIV-2-D";"6C";2;5.1;"Desktop";"";"PBSP"
645;835060;"GXIV-2-D";"6C";2;5.1;"Desktop";"";"PBSP"
646;835061;"GXIV-2-D";"6C";2;5.1;"Desktop";"";"PBSP"
647;835062;"GXIV-2-D";"6C";2;5.1;"Desktop";"";"PBSP"
648;835063;"GXIV-2-D";"6C";2;5.1;"Desktop";"";"PBSP"
649;835064;"GXIV-2-D";"6C";2;5.1;"Desktop";"";"PBSP"
650;835075;"GXIV-2-D";"6C";2;5.1;"Desktop";"";"PBSP"
651;835076;"GXIV-2-D";"6C";2;5.1;"Desktop";"";"PBSP"
652;835077;"GXIV-2-D";"6C";2;5.1;"Desktop";"";"PBSP"
653;835078;"GXIV-2-D";"6C";2;5.1;"Desktop";"";"PBSP"
654;835079;"GXIV-2-D";"6C";2;5.1;"Desktop";"";"PBSP"
655;835080;"GXIV-2-D";"6C";2;5.1;"Desktop";"";"PBSP"
656;835081;"GXIV-2-D";"6C";2;5.1;"Desktop";"";"PBSP"
657;835082;"GXIV-2-D";"6C";2;5.1;"Desktop";"";"PBSP"
658;835083;"GXIV-2-D";"6C";2;0.0;"Desktop";"";"PBSP"
659;835084;"GXIV-2-D";"6C";2;5.1;"Desktop";"";"PBSP"
660;835085;"GXIV-2-D";"6C";2;5.1;"Desktop";"";"PBSP"
661;835087;"GXIV-2-D";"6C";2;5.1;"Desktop";"";"PBSP"
662;835088;"GXIV-2-D";"6C";2;5.1;"Desktop";"";"PBSP"
663;835089;"GXIV-2-D";"6C";2;5.1;"Desktop";"";"PBSP"
664;835090;"GXIV-2-D";"6C";2;5.1;"Desktop";"";"PBSP"
665;835091;"GXIV-2-D";"6C";2;5.1;"Desktop";"";"PBSP"
666;835092;"GXIV-2-D";"6C";2;5.1;"Desktop";"";"PBSP"
667;835093;"GXIV-2-D";"6C";2;5.1;"Desktop";"";"PBSP"
668;835094;"GXIV-2-D";"6C";2;5.1;"Desktop";"";"PBSP"
669;835095;"GXIV-2-D";"6C";2;5.1;"Desktop";"";"PBSP"
670;835096;"GXIV-2-D";"6C";2;5.1;"Desktop";"";"PBSP"
671;835097;"GXIV-2-D";"6C";2;5.1;"Desktop";"";"PBSP"
672;835098;"GXIV-2-D";"6C";2;5.1;"Desktop";"";"PBSP"
673;835099;"GXIV-2-D";"6C";2;5.1;"Desktop";"";"PBSP"
674;835100;"GXIV-2-D";"6C";2;5.1;"Desktop";"";"PBSP"
675;835101;"GXIV-2-D";"6C";2;5.1;"Desktop";"";"PBSP"
676;835102;"GXIV-2-D";"6C";2;5.1;"Desktop";"";"PBSP"
677;835103;"GXIV-2-D";"6C";2;5.1;"Desktop";"";"PBSP"
678;835104;"GXIV-2-D";"6C";2;5.1;"Desktop";"";"PBSP"
679;835173;"GXIV-2-D";"6C";2;5.1;"Desktop";"";"PBSP"
680;835174;"GXIV-2-D";"6C";2;5.1;"Desktop";"";"PBSP"
681;835175;"GXIV-2-D";"6C";2;5.1;"Desktop";"";"PBSP"
682;835176;"GXIV-2-D";"6C";2;5.1;"Desktop";"";"PBSP"
683;835177;"GXIV-2-D";"6C";2;5.1;"Desktop";"";"PBSP"
684;835178;"GXIV-2-D";"6C";2;5.1;"Desktop";"";"PBSP"
685;835179;"GXIV-2-D";"6C";2;5.1;"Desktop";"";"PBSP"
686;835180;"GXIV-2-D";"6C";2;5.1;"Desktop";"";"PBSP"
687;835181;"GXIV-2-D";"6C";2;5.1;"Desktop";"";"PBSP"
688;835182;"GXIV-2-D";"6C";2;5.1;"Desktop";"";"PBSP"
689;835183;"GXIV-2-D";"6C";2;5.1;"Desktop";"";"PBSP"
690;835184;"GXIV-2-D";"6C";2;5.1;"Desktop";"";"PBSP"
691;835185;"GXIV-2-D";"6C";2;5.1;"Desktop";"";"PBSP"
692;835186;"GXIV-2-D";"6C";2;5.1;"Desktop";"";"PBSP"
693;835187;"GXIV-2-D";"6C";2;5.1;"Desktop";"";"PBSP"
694;835188;"GXIV-2-D";"6C";2;5.1;"Desktop";"";"PBSP"
695;835189;"GXIV-2-D";"6C";2;5.1;"Desktop";"";"PBSP"
696;835190;"GXIV-2-D";"6C";2;5.1;"Desktop";"";"PBSP"
697;835191;"GXIV-2-D";"6C";2;5.1;"Desktop";"";"PBSP"
698;835192;"GXIV-2-D";"6C";2;5.1;"Desktop";"";"PBSP"
699;835193;"GXIV-2-D";"6C";2;5.1;"Desktop";"";"PBSP"
700;835194;"GXIV-2-D";"6C";2;5.1;"Desktop";"";"PBSP"
701;835195;"GXIV-2-D";"6C";2;5.1;"Desktop";"";"PBSP"
702;835196;"GXIV-2-D";"6C";2;5.1;"Desktop";"";"PBSP"
703;835197;"GXIV-2-D";"6C";2;5.1;"Desktop";"";"PBSP"
704;835198;"GXIV-2-D";"6C";2;5.1;"Desktop";"";"PBSP"
705;835199;"GXIV-2-D";"6C";2;5.1;"Desktop";"";"PBSP"
706;835200;"GXIV-2-D";"6C";2;5.1;"Desktop";"";"PBSP"
707;835213;"GXIV-2-D";"6C";2;5.1;"Desktop";"";"PBSP"
708;835214;"GXIV-2-D";"6C";2;5.1;"Desktop";"";"PBSP"
709;835215;"GXIV-2-D";"6C";2;5.1;"Desktop";"";"PBSP"
710;835216;"GXIV-2-D";"6C";2;5.1;"Desktop";"";"PBSP"
711;835217;"GXIV-2-D";"6C";2;5.1;"Desktop";"";"PBSP"
712;835218;"GXIV-2-D";"6C";2;5.1;"Desktop";"";"PBSP"
713;835219;"GXIV-2-D";"6C";2;5.1;"Desktop";"";"PBSP"
714;835220;"GXIV-2-D";"6C";2;5.1;"Desktop";"";"PBSP"
715;835221;"GXIV-2-D";"6C";2;5.1;"Desktop";"";"PBSP"
716;835222;"GXIV-2-D";"6C";2;5.1;"Desktop";"";"PBSP"
717;835540;"GXIV-4D";"6C";4;0.0;"Desktop";"";"CONSORTIUM"
718;835542;"GXIV-4D";"6C";4;0.0;"Desktop";"";"CONSORTIUM"
719;835600;"GXIV-4D";"6C";4;0.0;"Desktop";"";"CONSORTIUM"
720;835601;"GXIV-4D";"6C";4;0.0;"Desktop";"";"CONSORTIUM"
721;835602;"GXIV-4D";"6C";4;0.0;"Desktop";"";"CONSORTIUM"
722;835603;"GXIV-4D";"6C";4;0.0;"Desktop";"";"CONSORTIUM"
723;835604;"GXIV-4D";"6C";4;0.0;"Desktop";"";"CONSORTIUM"
724;836413;"GXIV-4-D-10C";"10C";4;6.5;"Desktop";"";"WHO MANILA"
725;836414;"GXIV-4-D-10C";"10C";4;6.5;"Desktop";"";"WHO MANILA"
726;836415;"GXIV-4-D-10C";"10C";4;6.5;"Desktop";"";"WHO MANILA"
727;837611;"GXIV-4D";"6C";4;5.1;"Desktop";"";"DOH 191"
728;837612;"GXIV-4D";"6C";4;5.1;"Desktop";"";"DOH 191"
729;837613;"GXIV-4D";"6C";4;5.1;"Desktop";"";"DOH 191"
730;837614;"GXIV-4D";"6C";4;5.1;"Desktop";"";"DOH 191"
731;837615;"GXIV-4D";"6C";4;5.1;"Desktop";"";"DOH 191"
732;837661;"GXIV-4D";"6C";4;5.1;"Desktop";"";"DOH 191"
733;837662;"GXIV-4D";"6C";4;5.1;"Desktop";"";"DOH 191"
734;837663;"GXIV-4D";"6C";4;5.1;"Desktop";"";"DOH 191"
735;837664;"GXIV-4D";"6C";4;5.1;"Desktop";"";"DOH 191"
736;838128;"GXIV-4D";"6C";4;5.1;"Desktop";"";"PBSP"
737;838129;"GXIV-4D";"6C";4;5.1;"Desktop";"";"PBSP"
738;838130;"GXIV-4D";"6C";4;5.1;"Desktop";"";"PBSP"
739;838131;"GXIV-4D";"6C";4;5.1;"Desktop";"";"PBSP"
740;838132;"GXIV-4D";"6C";4;5.1;"Desktop";"";"PBSP"
741;838133;"GXIV-4D";"6C";4;5.1;"Desktop";"";"PBSP"
742;838134;"GXIV-4D";"6C";4;5.1;"Desktop";"";"PBSP"
743;838135;"GXIV-4D";"6C";4;5.1;"Desktop";"";"PBSP"
744;838136;"GXIV-4D";"6C";4;5.1;"Desktop";"";"PBSP"
745;838137;"GXIV-4D";"6C";4;5.1;"Desktop";"";"PBSP"
746;838138;"GXIV-4D";"6C";4;5.1;"Desktop";"";"PBSP"
747;838139;"GXIV-4D";"6C";4;5.1;"Desktop";"";"PBSP"
748;838140;"GXIV-4D";"6C";4;5.1;"Desktop";"";"PBSP"
749;838141;"GXIV-4D";"6C";4;5.1;"Desktop";"";"PBSP"
750;838142;"GXIV-4D";"6C";4;5.1;"Desktop";"";"PBSP"
751;838143;"GXIV-4D";"6C";4;5.1;"Desktop";"";"PBSP"
752;838144;"GXIV-4D";"6C";4;5.1;"Desktop";"";"PBSP"
753;838145;"GXIV-4D";"6C";4;5.1;"Desktop";"";"PBSP"
754;838147;"GXIV-4D";"6C";4;5.1;"Desktop";"";"PBSP"
755;838148;"GXIV-4D";"6C";4;5.1;"Desktop";"";"PBSP"
756;838159;"GXIV-4D";"6C";4;5.1;"Desktop";"";"PBSP"
757;838160;"GXIV-4D";"6C";4;5.1;"Desktop";"";"PBSP"
758;838161;"GXIV-4D";"6C";4;5.1;"Desktop";"";"PBSP"
759;838162;"GXIV-4D";"6C";4;5.1;"Desktop";"";"PBSP"
760;838163;"GXIV-4D";"6C";4;5.1;"Desktop";"";"PBSP"
761;838164;"GXIV-4D";"6C";4;5.1;"Desktop";"";"PBSP"
762;838165;"GXIV-4D";"6C";4;5.1;"Desktop";"";"PBSP"
763;838166;"GXIV-4D";"6C";4;5.1;"Desktop";"";"PBSP"
764;838167;"GXIV-4D";"6C";4;5.1;"Desktop";"";"PBSP"
765;838168;"GXIV-4D";"6C";4;5.1;"Desktop";"";"PBSP"
766;838179;"GXIV-4D";"6C";4;5.1;"Desktop";"";"PBSP"
767;838180;"GXIV-4D";"6C";4;5.1;"Desktop";"";"PBSP"
768;838181;"GXIV-4D";"6C";4;5.1;"Desktop";"";"PBSP"
769;838182;"GXIV-4D";"6C";4;5.1;"Desktop";"";"PBSP"
770;838183;"GXIV-4D";"6C";4;5.1;"Desktop";"";"PBSP"
771;838185;"GXIV-4D";"6C";4;5.1;"Desktop";"";"PBSP"
772;838191;"GXIV-4D";"6C";4;5.1;"Desktop";"";"PBSP"
773;838192;"GXIV-4D";"6C";4;5.1;"Desktop";"";"PBSP"
774;838193;"GXIV-4D";"6C";4;5.1;"Desktop";"";"PBSP"
775;838194;"GXIV-4D";"6C";4;5.1;"Desktop";"";"PBSP"
776;838195;"GXIV-4D";"6C";4;5.1;"Desktop";"";"PBSP"
777;838196;"GXIV-4D";"6C";4;5.1;"Desktop";"";"PBSP"
778;838197;"GXIV-4D";"6C";4;5.1;"Desktop";"";"PBSP"
779;838198;"GXIV-4D";"6C";4;5.1;"Desktop";"";"PBSP"
780;838199;"GXIV-4D";"6C";4;5.1;"Desktop";"";"PBSP"
781;838200;"GXIV-4D";"6C";4;5.1;"Desktop";"";"PBSP"
782;838201;"GXIV-4D";"6C";4;5.1;"Desktop";"";"DOH 191"
783;838202;"GXIV-4D";"6C";4;5.1;"Desktop";"";"DOH 191"
784;838203;"GXIV-4D";"6C";4;5.1;"Desktop";"";"DOH 191"
785;838204;"GXIV-4D";"6C";4;5.1;"Desktop";"";"DOH 191"
786;838205;"GXIV-4D";"6C";4;5.1;"Desktop";"";"DOH 191"
787;838206;"GXIV-4D";"6C";4;5.1;"Desktop";"";"DOH 191"
788;838207;"GXIV-4D";"6C";4;5.1;"Desktop";"";"DOH 191"
789;838208;"GXIV-4D";"6C";4;5.1;"Desktop";"";"DOH 191"
790;838224;"GXIV-4D";"6C";4;5.1;"Desktop";"";"DOH 191"
791;838225;"GXIV-4D";"6C";4;5.1;"Desktop";"";"DOH 191"
792;838226;"GXIV-4D";"6C";4;5.1;"Desktop";"";"DOH 191"
793;838227;"GXIV-4D";"6C";4;5.1;"Desktop";"";"DOH 191"
794;838228;"GXIV-4D";"6C";4;5.1;"Desktop";"";"DOH 191"
795;838229;"GXIV-4D";"6C";4;5.1;"Desktop";"";"DOH 191"
796;838230;"GXIV-4D";"6C";4;5.1;"Desktop";"";"DOH 191"
797;838231;"GXIV-4D";"6C";4;5.1;"Desktop";"";"DOH 191"
798;838232;"GXIV-4D";"6C";4;5.1;"Desktop";"";"DOH 191"
799;838233;"GXIV-4D";"6C";4;5.1;"Desktop";"";"DOH 191"
800;838244;"GXIV-4D";"6C";4;5.1;"Desktop";"";"PBSP"
801;838259;"GXIV-4D";"6C";4;5.1;"Desktop";"";"DOH 191"
802;838260;"GXIV-4D";"6C";4;5.1;"Desktop";"";"DOH 191"
803;838261;"GXIV-4D";"6C";4;5.1;"Desktop";"";"DOH 191"
804;838262;"GXIV-4D";"6C";4;5.1;"Desktop";"";"DOH 191"
805;838263;"GXIV-4D";"6C";4;5.1;"Desktop";"";"DOH 191"
806;838264;"GXIV-4D";"6C";4;5.1;"Desktop";"";"DOH 191"
807;838265;"GXIV-4D";"6C";4;5.1;"Desktop";"";"DOH 191"
808;838266;"GXIV-4D";"6C";4;5.1;"Desktop";"";"DOH 191"
809;838267;"GXIV-4D";"6C";4;5.1;"Desktop";"";"DOH 191"
810;838268;"GXIV-4D";"6C";4;5.1;"Desktop";"";"DOH 191"
811;838269;"GXIV-4D";"6C";4;5.1;"Desktop";"";"DOH 191"
812;838270;"GXIV-4D";"6C";4;5.1;"Desktop";"";"DOH 191"
813;838271;"GXIV-4D";"6C";4;5.1;"Desktop";"";"DOH 191"
814;838272;"GXIV-4D";"6C";4;5.1;"Desktop";"";"DOH 191"
815;838273;"GXIV-4D";"6C";4;5.1;"Desktop";"";"DOH 191"
816;838274;"GXIV-4D";"6C";4;5.1;"Desktop";"";"DOH 191"
817;838275;"GXIV-4D";"6C";4;5.1;"Desktop";"";"DOH 191"
818;838276;"GXIV-4D";"6C";4;5.1;"Desktop";"";"DOH 191"
819;838277;"GXIV-4D";"6C";4;5.1;"Desktop";"";"DOH 191"
820;838278;"GXIV-4D";"6C";4;5.1;"Desktop";"";"DOH 191"
821;838279;"GXIV-4D";"6C";4;5.1;"Desktop";"";"DOH 191"
822;838280;"GXIV-4D";"6C";4;5.1;"Desktop";"";"DOH 191"
823;838281;"GXIV-4D";"6C";4;5.1;"Desktop";"";"DOH 191"
824;838282;"GXIV-4D";"6C";4;5.1;"Desktop";"";"DOH 191"
825;838283;"GXIV-4D";"6C";4;5.1;"Desktop";"";"DOH 191"
826;838284;"GXIV-4D";"6C";4;5.1;"Desktop";"";"DOH 191"
827;838285;"GXIV-4D";"6C";4;5.1;"Desktop";"";"DOH 191"
828;838286;"GXIV-4D";"6C";4;5.1;"Desktop";"";"DOH 191"
829;838287;"GXIV-4D";"6C";4;5.1;"Desktop";"";"DOH 191"
830;838288;"GXIV-4D";"6C";4;5.1;"Desktop";"";"DOH 191"
831;838289;"GXIV-4D";"6C";4;5.1;"Desktop";"";"DOH 191"
832;838290;"GXIV-4D";"6C";4;5.1;"Desktop";"";"DOH 191"
833;838291;"GXIV-4D";"6C";4;5.1;"Desktop";"";"DOH 191"
834;838292;"GXIV-4D";"6C";4;5.1;"Desktop";"";"DOH 191"
835;838293;"GXIV-4D";"6C";4;5.1;"Desktop";"";"DOH 191"
836;838294;"GXIV-4D";"6C";4;5.1;"Desktop";"";"DOH 191"
837;838295;"GXIV-4D";"6C";4;5.1;"Desktop";"";"DOH 191"
838;838296;"GXIV-4D";"6C";4;5.1;"Desktop";"";"DOH 191"
839;838297;"GXIV-4D";"6C";4;5.1;"Desktop";"";"DOH 191"
840;838298;"GXIV-4D";"6C";4;5.1;"Desktop";"";"DOH 191"
841;838325;"GXIV-4D";"6C";4;5.1;"Desktop";"";"PBSP"
842;838389;"GXIV-4D";"6C";4;5.1;"Desktop";"";"DOH 191"
843;838391;"GXIV-4D";"6C";4;5.1;"Desktop";"";"DOH 191"
844;838393;"GXIV-4D";"6C";4;5.1;"Desktop";"";"DOH 191"
845;838394;"GXIV-4D";"6C";4;5.1;"Desktop";"";"DOH 191"
846;838395;"GXIV-4D";"6C";4;5.1;"Desktop";"";"DOH 191"
847;838396;"GXIV-4D";"6C";4;5.1;"Desktop";"";"DOH 191"
848;838397;"GXIV-4D";"6C";4;5.1;"Desktop";"";"DOH 191"
849;838398;"GXIV-4D";"6C";4;5.1;"Desktop";"";"DOH 191"
850;838399;"GXIV-4D";"6C";4;5.1;"Desktop";"";"DOH 191"
851;838401;"GXIV-4D";"6C";4;5.1;"Desktop";"";"DOH 191"
852;838402;"GXIV-4D";"6C";4;5.1;"Desktop";"";"DOH 191"
853;838403;"GXIV-4D";"6C";4;5.1;"Desktop";"";"DOH 191"
854;838406;"GXIV-4D";"6C";4;5.1;"Desktop";"";"DOH 191"
855;838408;"GXIV-4D";"6C";4;5.1;"Desktop";"";"DOH 191"
856;838409;"GXIV-4D";"6C";4;5.1;"Desktop";"";"DOH 191"
857;838412;"GXIV-4D";"6C";4;5.1;"Desktop";"";"DOH 191"
858;838416;"GXIV-4D";"6C";4;5.1;"Desktop";"";"DOH 191"
859;838419;"GXIV-4D";"6C";4;5.1;"Desktop";"";"DOH 191"
860;838421;"GXIV-4D";"6C";4;5.1;"Desktop";"";"DOH 191"
861;838426;"GXIV-4D";"6C";4;5.1;"Desktop";"";"DOH 191"
862;838435;"GXIV-4D";"6C";4;5.1;"Desktop";"";"DOH 191"
863;838437;"GXIV-4D";"6C";4;5.1;"Desktop";"";"DOH 191"
864;838438;"GXIV-4D";"6C";4;5.1;"Desktop";"";"DOH 191"
865;838439;"GXIV-4D";"6C";4;5.1;"Desktop";"";"DOH 191"
866;838440;"GXIV-4D";"6C";4;5.1;"Desktop";"";"DOH 191"
867;838441;"GXIV-4D";"6C";4;5.1;"Desktop";"";"DOH 191"
868;838442;"GXIV-4D";"6C";4;5.1;"Desktop";"";"DOH 191"
869;838443;"GXIV-4D";"6C";4;5.1;"Desktop";"";"DOH 191"
870;838444;"GXIV-4D";"6C";4;5.1;"Desktop";"";"DOH 191"
871;838446;"GXIV-4D";"6C";4;5.1;"Desktop";"";"PBSP"
872;838447;"GXIV-4D";"6C";4;5.1;"Desktop";"";"PBSP"
873;838451;"GXIV-4D";"6C";4;5.1;"Desktop";"";"PBSP"
874;838454;"GXIV-4D";"6C";4;5.1;"Desktop";"";"PBSP"
875;838456;"GXIV-4D";"6C";4;5.1;"Desktop";"";"DOH 191"
876;838457;"GXIV-4D";"6C";4;5.1;"Desktop";"";"DOH 191"
877;838458;"GXIV-4D";"6C";4;5.1;"Desktop";"";"DOH 191"
878;838460;"GXIV-4D";"6C";4;5.1;"Desktop";"";"DOH 191"
879;838464;"GXIV-4D";"6C";4;5.1;"Desktop";"";"DOH 191"
880;838465;"GXIV-4D";"6C";4;5.1;"Desktop";"";"DOH 191"
881;838466;"GXIV-4D";"6C";4;5.1;"Desktop";"";"DOH 191"
882;838467;"GXIV-4D";"6C";4;5.1;"Desktop";"";"DOH 191"
883;838469;"GXIV-4D";"6C";4;5.1;"Desktop";"";"DOH 191"
884;838472;"GXIV-4D";"6C";4;5.1;"Desktop";"";"DOH 191"
885;838473;"GXIV-4D";"6C";4;5.1;"Desktop";"";"DOH 191"
886;838474;"GXIV-4D";"6C";4;5.1;"Desktop";"";"DOH 191"
887;838475;"GXIV-4D";"6C";4;5.1;"Desktop";"";"DOH 191"
888;838477;"GXIV-4D";"6C";4;5.1;"Desktop";"";"DOH 191"
889;838480;"GXIV-4D";"6C";4;5.1;"Desktop";"";"DOH 191"
890;838481;"GXIV-4D";"6C";4;5.1;"Desktop";"";"DOH 191"
891;838482;"GXIV-4D";"6C";4;5.1;"Desktop";"";"DOH 191"
892;838483;"GXIV-4D";"6C";4;5.1;"Desktop";"";"DOH 191"
893;838484;"GXIV-4D";"6C";4;5.1;"Desktop";"";"DOH 191"
894;838486;"GXIV-4D";"6C";4;5.1;"Desktop";"";"DOH 191"
895;838487;"GXIV-4D";"6C";4;5.1;"Desktop";"";"DOH 191"
896;838490;"GXIV-4D";"6C";4;5.1;"Desktop";"";"DOH 191"
897;838491;"GXIV-4D";"6C";4;5.1;"Desktop";"";"DOH 191"
898;838492;"GXIV-4D";"6C";4;5.1;"Desktop";"";"DOH 191"
899;838494;"GXIV-4D";"6C";4;5.1;"Desktop";"";"DOH 191"
900;838496;"GXIV-4D";"6C";4;5.1;"Desktop";"";"DOH 191"
901;838498;"GXIV-4D";"6C";4;5.1;"Desktop";"";"DOH 191"
902;838499;"GXIV-4D";"6C";4;5.1;"Desktop";"";"DOH 191"
903;838500;"GXIV-4D";"6C";4;5.1;"Desktop";"";"DOH 191"
904;838501;"GXIV-4D";"6C";4;5.1;"Desktop";"";"DOH 191"
905;838504;"GXIV-4D";"6C";4;5.1;"Desktop";"";"DOH 191"
906;838505;"GXIV-4D";"6C";4;5.1;"Desktop";"";"DOH 191"
907;838506;"GXIV-4D";"6C";4;5.1;"Desktop";"";"DOH 191"
908;838507;"GXIV-4D";"6C";4;5.1;"Desktop";"";"DOH 191"
909;838508;"GXIV-4D";"6C";4;5.1;"Desktop";"";"DOH 191"
910;838509;"GXIV-4D";"6C";4;5.1;"Desktop";"";"DOH 191"
911;838510;"GXIV-4D";"6C";4;5.1;"Desktop";"";"DOH 191"
912;838511;"GXIV-4D";"6C";4;5.1;"Desktop";"";"DOH 191"
913;838512;"GXIV-4D";"6C";4;5.1;"Desktop";"";"DOH 191"
914;838513;"GXIV-4D";"6C";4;5.1;"Desktop";"";"DOH 191"
915;838514;"GXIV-4D";"6C";4;5.1;"Desktop";"";"DOH 191"
916;838516;"GXIV-4D";"6C";4;5.1;"Desktop";"";"DOH 191"
917;838518;"GXIV-4D";"6C";4;5.1;"Desktop";"";"DOH 191"
918;838519;"GXIV-4D";"6C";4;0.0;"Desktop";"";"MACARE-HBDC"
919;838520;"GXIV-4D";"6C";4;0.0;"Desktop";"";"MACARE-HBDC"
920;838521;"GXIV-4D";"6C";4;5.1;"Desktop";"";"DOH 191"
921;838522;"GXIV-4D";"6C";4;0.0;"Desktop";"";"MACARE-HBDC"
922;838523;"GXIV-4D";"6C";4;5.1;"Desktop";"";"DOH 191"
923;838524;"GXIV-4D";"6C";4;0.0;"Desktop";"";"MACARE-HBDC"
924;838525;"GXIV-4D";"6C";4;5.1;"Desktop";"";"DOH 191"
925;838527;"GXIV-4D";"6C";4;5.1;"Desktop";"";"DOH 191"
926;838528;"GXIV-4D";"6C";4;5.1;"Desktop";"";"DOH 191"
927;838530;"GXIV-4D";"6C";4;5.1;"Desktop";"";"DOH 191"
928;838531;"GXIV-4D";"6C";4;5.1;"Desktop";"";"DOH 191"
929;838532;"GXIV-4D";"6C";4;5.1;"Desktop";"";"DOH 191"
930;838533;"GXIV-4D";"6C";4;5.1;"Desktop";"";"DOH 191"
931;838534;"GXIV-4D";"6C";4;5.1;"Desktop";"";"DOH 191"
932;838535;"GXIV-4D";"6C";4;5.1;"Desktop";"";"DOH 191"
933;838536;"GXIV-4D";"6C";4;5.1;"Desktop";"";"DOH 191"
934;838537;"GXIV-4D";"6C";4;5.1;"Desktop";"";"DOH 191"
935;838538;"GXIV-4D";"6C";4;5.1;"Desktop";"";"PBSP"
936;838539;"GXIV-4D";"6C";4;5.1;"Desktop";"";"PBSP"
937;838540;"GXIV-4D";"6C";4;5.1;"Desktop";"";"DOH 191"
938;838541;"GXIV-4D";"6C";4;5.1;"Desktop";"";"PBSP"
939;838542;"GXIV-4D";"6C";4;5.1;"Desktop";"";"DOH 191"
940;838543;"GXIV-4D";"6C";4;5.1;"Desktop";"";"DOH 191"
941;838544;"GXIV-4D";"6C";4;5.1;"Desktop";"";"DOH 191"
942;838545;"GXIV-4D";"6C";4;5.1;"Desktop";"";"DOH 191"
943;838546;"GXIV-4D";"6C";4;5.1;"Desktop";"";"DOH 191"
944;838547;"GXIV-4D";"6C";4;5.1;"Desktop";"";"DOH 191"
945;838548;"GXIV-4D";"6C";4;5.1;"Desktop";"";"DOH 191"
946;838549;"GXIV-4D";"6C";4;5.1;"Desktop";"";"DOH 191"
947;838550;"GXIV-4D";"6C";4;5.1;"Desktop";"";"DOH 191"
948;838551;"GXIV-4D";"6C";4;5.1;"Desktop";"";"DOH 191"
949;838552;"GXIV-4D";"6C";4;5.1;"Desktop";"";"DOH 191"
950;838553;"GXIV-4D";"6C";4;5.1;"Desktop";"";"DOH 191"
951;838554;"GXIV-4D";"6C";4;5.1;"Desktop";"";"DOH 191"
952;838555;"GXIV-4D";"6C";4;5.1;"Desktop";"";"DOH 191"
953;838556;"GXIV-4D";"6C";4;5.1;"Desktop";"";"DOH 191"
954;838557;"GXIV-4D";"6C";4;5.1;"Desktop";"";"DOH 191"
955;838558;"GXIV-4D";"6C";4;5.1;"Desktop";"";"DOH 191"
956;838559;"GXIV-4D";"6C";4;5.1;"Desktop";"";"DOH 191"
957;838560;"GXIV-4D";"6C";4;5.1;"Desktop";"";"DOH 191"
958;838561;"GXIV-4D";"6C";4;5.1;"Desktop";"";"DOH 191"
959;838562;"GXIV-4D";"6C";4;5.1;"Desktop";"";"DOH 191"
960;838563;"GXIV-4D";"6C";4;5.1;"Desktop";"";"DOH 191"
961;838564;"GXIV-4D";"6C";4;5.1;"Desktop";"";"DOH 191"
962;838565;"GXIV-4D";"6C";4;5.1;"Desktop";"";"DOH 191"
963;838566;"GXIV-4D";"6C";4;5.1;"Desktop";"";"DOH 191"
964;838568;"GXIV-4D";"6C";4;5.1;"Desktop";"";"DOH 191"
965;838569;"GXIV-4D";"6C";4;5.1;"Desktop";"";"DOH 191"
966;838570;"GXIV-4D";"6C";4;5.1;"Desktop";"";"DOH 191"
967;838571;"GXIV-4D";"6C";4;5.1;"Desktop";"";"DOH 191"
968;838572;"GXIV-4D";"6C";4;5.1;"Desktop";"";"DOH 191"
969;838573;"GXIV-4D";"6C";4;5.1;"Desktop";"";"DOH 191"
970;838574;"GXIV-4D";"6C";4;5.1;"Desktop";"";"DOH 191"
971;838575;"GXIV-4D";"6C";4;5.1;"Desktop";"";"DOH 191"
972;838576;"GXIV-4D";"6C";4;5.1;"Desktop";"";"DOH 191"
973;838627;"GXXVI-16-D";"6C";16;0.0;"Desktop";"";"MACARE-HBDC"
974;838655;"GXXVI-16-D";"6C";16;0.0;"Desktop";"";"MACARE-HBDC"
975;838657;"GXXVI-16-D";"6C";16;0.0;"Desktop";"Tie-up";"COMMERCIAL"
976;838756;"GXXVI-16-D";"6C";16;5.1;"Desktop";"";"PBSP"
977;838777;"GXXVI-16-D";"6C";16;0.0;"Desktop";"";"MACARE-HBDC"
978;838832;"GXIV-4D";"6C";4;5.1;"Desktop";"";"DOH 191"
979;838834;"GXIV-4D";"6C";4;5.1;"Desktop";"";"DOH 191"
980;838835;"GXIV-4D";"6C";4;5.1;"Desktop";"";"DOH 191"
981;838836;"GXIV-4D";"6C";4;0.0;"Desktop";"";"MACARE-HBDC"
982;838837;"GXIV-4D";"6C";4;0.0;"Desktop";"";"MACARE-HBDC"
983;838838;"GXIV-4D";"6C";4;5.1;"Desktop";"";"DOH 191"
984;838855;"GXIV-4D";"6C";4;5.1;"Desktop";"";"PBSP"
985;838856;"GXIV-4D";"6C";4;5.1;"Desktop";"";"PBSP"
986;838857;"GXIV-4D";"6C";4;5.1;"Desktop";"";"PBSP"
987;838858;"GXIV-4D";"6C";4;5.1;"Desktop";"";"PBSP"
988;838859;"GXIV-4D";"6C";4;5.1;"Desktop";"";"PBSP"
989;838860;"GXIV-4D";"6C";4;5.1;"Desktop";"";"PBSP"
990;838861;"GXIV-4D";"6C";4;5.1;"Desktop";"";"PBSP"
991;838862;"GXIV-4D";"6C";4;5.1;"Desktop";"";"PBSP"
992;838863;"GXIV-4D";"6C";4;5.1;"Desktop";"";"PBSP"
993;838864;"GXIV-4D";"6C";4;5.1;"Desktop";"";"PBSP"
994;838865;"GXIV-4D";"6C";4;5.1;"Desktop";"";"PBSP"
995;838866;"GXIV-4D";"6C";4;5.1;"Desktop";"";"PBSP"
996;838867;"GXIV-4D";"6C";4;5.1;"Desktop";"";"PBSP"
997;838868;"GXIV-4D";"6C";4;5.1;"Desktop";"";"PBSP"
998;838869;"GXIV-4D";"6C";4;5.1;"Desktop";"";"PBSP"
999;838870;"GXIV-4D";"6C";4;5.1;"Desktop";"";"PBSP"
1000;838871;"GXIV-4D";"6C";4;5.1;"Desktop";"";"PBSP"
1001;838872;"GXIV-4D";"6C";4;5.1;"Desktop";"";"PBSP"
1002;838873;"GXIV-4D";"6C";4;5.1;"Desktop";"";"PBSP"
1003;838874;"GXIV-4D";"6C";4;5.1;"Desktop";"";"PBSP"
1004;838875;"GXIV-4D";"6C";4;5.1;"Desktop";"";"PBSP"
1005;838876;"GXIV-4D";"6C";4;5.1;"Desktop";"";"PBSP"
1006;838877;"GXIV-4D";"6C";4;5.1;"Desktop";"";"PBSP"
1007;838878;"GXIV-4D";"6C";4;6.1;"Desktop";"";"PBSP"
1008;838879;"GXIV-4D";"6C";4;5.1;"Desktop";"";"PBSP"
1009;838880;"GXIV-4D";"6C";4;5.1;"Desktop";"";"PBSP"
1010;838881;"GXIV-4D";"6C";4;5.1;"Desktop";"";"PBSP"
1011;838882;"GXIV-4D";"6C";4;5.1;"Desktop";"";"PBSP"
1012;838883;"GXIV-4D";"6C";4;5.1;"Desktop";"";"PBSP"
1013;838884;"GXIV-4D";"6C";4;5.1;"Desktop";"";"PBSP"
1014;838885;"GXIV-4D";"6C";4;5.1;"Desktop";"";"PBSP"
1015;838886;"GXIV-4D";"6C";4;5.1;"Desktop";"";"PBSP"
1016;838887;"GXIV-4D";"6C";4;5.1;"Desktop";"";"PBSP"
1017;838888;"GXIV-4D";"6C";4;5.1;"Desktop";"";"PBSP"
1018;838889;"GXIV-4D";"6C";4;5.1;"Desktop";"";"PBSP"
1019;838890;"GXIV-4D";"6C";4;5.1;"Desktop";"";"PBSP"
1020;838891;"GXIV-4D";"6C";4;5.1;"Desktop";"";"PBSP"
1021;838892;"GXIV-4D";"6C";4;5.1;"Desktop";"";"PBSP"
1022;838893;"GXIV-4D";"6C";4;5.1;"Desktop";"";"PBSP"
1023;838894;"GXIV-4D";"6C";4;5.1;"Desktop";"";"PBSP"
1024;838895;"GXIV-4D";"6C";4;5.1;"Desktop";"";"PBSP"
1025;838896;"GXIV-4D";"6C";4;5.1;"Desktop";"";"PBSP"
1026;838897;"GXIV-4D";"6C";4;5.1;"Desktop";"";"PBSP"
1027;838898;"GXIV-4D";"6C";4;5.1;"Desktop";"";"PBSP"
1028;838899;"GXIV-4D";"6C";4;5.1;"Desktop";"";"PBSP"
1029;839147;"GXIV-4D";"6C";4;0.0;"Desktop";"Purchase";"COMMERCIAL"
1030;839150;"GXIV-4D";"6C";4;0.0;"Desktop";"";"MACARE-HBDC"
1031;839151;"GXIV-4D";"6C";4;0.0;"Desktop";"Purchase";"COMMERCIAL"
1032;839152;"GXIV-4D";"6C";4;0.0;"Desktop";"";"MACARE-HBDC"
1033;839231;"GXIV-4D";"6C";4;0.0;"Desktop";"Purchase";"COMMERCIAL"
1034;839232;"GXIV-4D";"6C";4;0.0;"Desktop";"Purchase";"COMMERCIAL"
1035;839233;"GXIV-4D";"6C";4;0.0;"Desktop";"Purchase";"COMMERCIAL"
1036;839234;"GXIV-4D";"6C";4;0.0;"Desktop";"Purchase";"COMMERCIAL"
1037;839235;"GXIV-4D";"6C";4;0.0;"Desktop";"Purchase";"COMMERCIAL"
1038;839236;"GXIV-4D";"6C";4;0.0;"Desktop";"";"MACARE-HBDC"
1039;839292;"GXXVI-16-D";"6C";16;5.1;"Desktop";"";"PBSP"
1040;839306;"GXXVI-16-D";"6C";16;0.0;"Desktop";"Tie-up";"MACARE-HBDC"
1041;839307;"GXXVI-16-D";"6C";16;5.1;"Desktop";"";"PBSP"
1042;839309;"GXXVI-16-D";"6C";16;5.1;"Desktop";"";"PBSP"
1043;839314;"GXXVI-16-D";"6C";16;0.0;"Desktop";"";"MACARE-HBDC"
1044;839316;"GXXVI-16-D";"6C";16;5.1;"Desktop";"";"PBSP"
1045;840969;"GXIV-4D";"6C";4;5.1;"Desktop";"";"CONSORTIUM"
1046;840974;"GXIV-4D";"6C";4;0.0;"Desktop";"";"CONSORTIUM"
1047;840975;"GXIV-4D";"6C";4;0.0;"Desktop";"";"CONSORTIUM"
1048;842166;"GXXVI-16-D";"6C";16;0.0;"Desktop";"";"CONSORTIUM"
1049;842225;"GXXVI-16-D";"6C";16;5.1;"Desktop";"";"PBSP"
1050;842226;"GXXVI-16-D";"6C";16;5.1;"Desktop";"";"PBSP"
1051;842229;"GXXVI-16-D";"6C";16;5.1;"Desktop";"";"PBSP"
1052;842230;"GXXVI-16-D";"6C";16;5.1;"Desktop";"";"PBSP"
1053;842893;"GXXVI-16-D";"6C";16;5.1;"Desktop";"";"PBSP"
1054;842894;"GXXVI-16-D";"6C";16;5.1;"Desktop";"";"PBSP"
1055;843924;"GXIV-4D";"6C";4;0.0;"Desktop";"";"WHO"
1056;844111;"GXXVI-16-D";"6C";16;5.1;"Desktop";"";"PBSP"
1057;844113;"GXXVI-16-D";"6C";16;5.1;"Desktop";"";"PBSP"
1058;844118;"GXXVI-16-D";"6C";16;5.1;"Desktop";"";"PBSP"
1059;844120;"GXXVI-16-D";"6C";16;5.1;"Desktop";"";"PBSP"
1060;844121;"GXXVI-16-D";"6C";16;5.1;"Desktop";"";"PBSP"
1061;844418;"GXXVI-16-D";"6C";16;0.0;"Desktop";"";"MACARE-HBDC"
1062;844726;"GXIV-4D";"10C";4;6.5;"Desktop";"";""
1063;844975;"GXXVI-16-D";"6C";16;0.0;"Desktop";"";"MACARE-HBDC"
1064;844981;"GXXVI-16-D";"6C";16;0.0;"Desktop";"";"MACARE-HBDC"
1065;845005;"GXXVI-16-D";"6C";16;0.0;"Desktop";"";"MACARE-HBDC"
1066;845446;"GXIV-4-D-10C";"10C";4;0.0;"Desktop";"";"MACARE-HBDC"
1067;845462;"GXIV-4-D-10C";"10C";4;0.0;"Desktop";"";"CULMEN"
1068;845936;"GXIV-4D";"6C";4;0.0;"Desktop";"";"WHO"
1069;846036;"GXIV-4D";"6C";4;0.0;"Desktop";"";"WHO"
1070;846037;"GXIV-4D";"6C";4;0.0;"Desktop";"";"WHO"
1071;846040;"GXIV-4D";"6C";4;0.0;"Desktop";"";"WHO"
1072;846041;"GXIV-4D";"6C";4;0.0;"Desktop";"";"WHO"
1073;846042;"GXIV-4D";"6C";4;0.0;"Desktop";"";"WHO"
1074;846044;"GXIV-4D";"6C";4;0.0;"Desktop";"";"WHO"
1075;846045;"GXIV-4D";"6C";4;0.0;"Desktop";"";"WHO"
1076;846354;"GXIV-4D";"6C";4;0.0;"Desktop";"";"WHO"
1077;846355;"GXIV-4D";"6C";4;0.0;"Desktop";"";"WHO"
1078;846356;"GXIV-4D";"6C";4;0.0;"Desktop";"";"WHO"
1079;847222;"GXIV-4D";"6C";4;0.0;"Desktop";"";"PBSP"
1080;847223;"GXIV-4D";"6C";4;0.0;"Desktop";"";"WHO"
1081;847226;"GXIV-4D";"6C";4;0.0;"Desktop";"";"WHO"
1082;847227;"GXIV-4D";"6C";4;0.0;"Desktop";"";"WHO"
1083;847249;"GXIV-4D";"6C";4;0.0;"Desktop";"";"WHO"
1084;847250;"GXIV-4D";"6C";4;0.0;"Desktop";"";"WHO"
1085;847251;"GXIV-4D";"6C";4;0.0;"Desktop";"";"WHO"
1086;847252;"GXIV-4D";"6C";4;0.0;"Desktop";"";"WHO"
1087;847253;"GXIV-4D";"6C";4;0.0;"Desktop";"";"WHO"
1088;847254;"GXIV-4D";"6C";4;0.0;"Desktop";"";"WHO"
1089;847255;"GXIV-4D";"6C";4;0.0;"Desktop";"";"WHO"
1090;847256;"GXIV-4D";"6C";4;0.0;"Desktop";"";"WHO"
1091;847257;"GXIV-4D";"6C";4;0.0;"Desktop";"";"WHO"
1092;847258;"GXIV-4D";"6C";4;0.0;"Desktop";"";"WHO"
1093;847303;"GXIV-4D";"6C";4;0.0;"Desktop";"";"WHO"
1094;847304;"GXIV-4D";"6C";4;0.0;"Desktop";"";"WHO"
1095;847328;"GXIV-4D";"6C";4;0.0;"Desktop";"";"WHO"
1096;847329;"GXIV-4D";"6C";4;0.0;"Desktop";"";"WHO"
1097;847333;"GXIV-4D";"6C";4;0.0;"Desktop";"";"WHO"
1098;847334;"GXIV-4D";"6C";4;0.0;"Desktop";"";"WHO"
1099;847338;"GXIV-4D";"6C";4;0.0;"Desktop";"";"WHO"
1100;847343;"GXIV-4D";"6C";4;0.0;"Desktop";"";"WHO"
1101;847345;"GXIV-4D";"6C";4;0.0;"Desktop";"";"WHO"
1102;847578;"GXIV-4D";"6C";4;0.0;"Desktop";"";"CONSORTIUM"
1103;847724;"GXIV-4D";"6C";4;0.0;"Desktop";"";"MACARE-HBDC"
1104;847725;"GXIV-4D";"6C";4;0.0;"Desktop";"";"MACARE-HBDC"
1105;847726;"GXIV-4D";"6C";4;0.0;"Desktop";"";"MACARE-HBDC"
1106;847727;"GXIV-4D";"6C";4;0.0;"Desktop";"";"MACARE-HBDC"
1107;847728;"GXIV-4D";"6C";4;0.0;"Desktop";"";"MACARE-HBDC"
1108;848241;"GXIV-4-D-10C";"10C";4;0.0;"Desktop";"";"WHO"
1109;848244;"GXIV-4-D-10C";"10C";4;0.0;"Desktop";"";"WHO"
1110;848248;"GXIV-4-D-10C";"10C";4;0.0;"Desktop";"";"WHO"
1111;848249;"GXIV-4-D-10C";"10C";4;0.0;"Desktop";"";"WHO"
1112;848250;"GXIV-4-D-10C";"10C";4;0.0;"Desktop";"";"WHO"
1113;848262;"GXIV-4-D-10C";"10C";4;0.0;"Desktop";"";"MACARE-HBDC"
1114;110000711;"GXIV-4D";"6C";4;0.0;"Desktop";"";"CONSORTIUM"
1115;110001647;"GXIV-4-D-10C";"10C";4;0.0;"Desktop";"Purchase";"COMMERCIAL"
1116;110001648;"GXIV-4-D-10C";"10C";4;0.0;"Desktop";"Purchase";"COMMERCIAL"
1117;110001650;"GXIV-4-D-10C";"10C";4;0.0;"Desktop";"";"MACARE-HBDC"
1118;110001652;"GXIV-4-D-10C";"10C";4;0.0;"Desktop";"";"MACARE-HBDC"
1119;110002868;"GXIV-4D";"6C";4;0.0;"Desktop";"";"IOM"
1120;110003713;"GXIV-4D";"6C";4;0.0;"Desktop";"Purchase";"COMMERCIAL"
1121;110003714;"GXIV-4D";"6C";4;0.0;"Desktop";"Purchase";"COMMERCIAL"
1122;110004816;"GXIV-4-D-10C";"10C";4;0.0;"Desktop";"";"IOM"
1123;110005265;"GXIV-4D";"6C";4;0.0;"Desktop";"Purchase";"COMMERCIAL"
1124;110005268;"GXIV-4D";"6C";4;0.0;"Desktop";"Purchase";"COMMERCIAL"
1125;110005587;"GXXVI-16-D";"6C";16;0.0;"Desktop";"";"MACARE-HBDC"
1126;110008415;"GXIV-4D";"6C";4;0.0;"Desktop";"";"CONSORTIUM"
1127;110008418;"GXIV-4D";"6C";4;0.0;"Desktop";"";"CONSORTIUM"
1128;110008420;"GXIV-4D";"6C";4;0.0;"Desktop";"";"CONSORTIUM"
1129;110008457;"GXIV-4D";"6C";4;0.0;"Desktop";"";"MACARE-HBDC"
1130;110008458;"GXIV-4D";"6C";4;0.0;"Desktop";"";"MACARE-HBDC"
1131;110008524;"GXIV-4D";"6C";4;0.0;"Desktop";"Purchase";"COMMERCIAL"
1132;110008529;"GXIV-4D";"6C";4;0.0;"Desktop";"Purchase";"COMMERCIAL"
1133;110008530;"GXIV-4D";"6C";4;0.0;"Desktop";"Purchase";"COMMERCIAL"
1134;110008649;"GXIV-4-D-10C";"10C";4;0.0;"Desktop";"";"IOM"
1135;110008651;"GXIV-4-D-10C";"10C";4;0.0;"Desktop";"";"IOM"
1136;110008652;"GXIV-4-D-10C";"10C";4;0.0;"Desktop";"";"IOM"
1137;110008653;"GXIV-4-D-10C";"10C";4;0.0;"Desktop";"";"IOM"
1138;110008654;"GXIV-4-D-10C";"10C";4;0.0;"Desktop";"";"IOM"
1139;110008655;"GXIV-4-D-10C";"10C";4;0.0;"Desktop";"";"IOM"
1140;110012766;"GXIV-4-D-10C";"10C";4;0.0;"Desktop";"";"MACARE-HBDC"
1141;110012825;"GXIV-4-D-10C";"10C";4;0.0;"Desktop";"";"MACARE-HBDC"
1142;110012951;"GXXVI-8-D-10C";"10C";0;0.0;"Desktop";"";"MACARE-HBDC"
1143;110013709;"GXIV-4-D-10C";"10C";4;0.0;"Desktop";"";"MACARE-HBDC"
1144;110013745;"GXIV-4-D-10C";"10C";4;6.5;"Desktop";"";"PBSP"
1145;110013748;"GXIV-4-D-10C";"10C";4;0.0;"Desktop";"";"MACARE-HBDC"
1146;110013752;"GXIV-4-D-10C";"10C";4;6.5;"Desktop";"";"PBSP"
1147;110013753;"GXIV-4-D-10C";"10C";4;6.5;"Desktop";"";"PBSP"
1148;110013773;"GXIV-4-D-10C";"10C";4;0.0;"Desktop";"";"MACARE-HBDC"
1149;110013856;"GXXVI-16-D-10C";"10C";16;0.0;"Desktop";"";"MACARE-HBDC"
1150;110013917;"GXIV-4-D-10C";"10C";4;6.5;"Desktop";"";"PBSP"
1151;110013918;"GXIV-4-D-10C";"10C";4;6.5;"Desktop";"";"PBSP"
1152;110013925;"GXIV-4-D-10C";"10C";4;6.5;"Desktop";"";"PBSP"
1153;110013958;"GXIV-4-D-10C";"10C";4;6.5;"Desktop";"";"PBSP"
1154;110013959;"GXIV-4-D-10C";"10C";4;6.5;"Desktop";"";"PBSP"
1155;110013960;"GXIV-4-D-10C";"10C";4;0.0;"Desktop";"";"PBSP"
1156;110013962;"GXIV-4-D-10C";"10C";4;6.5;"Desktop";"";"PBSP"
1157;110013963;"GXIV-4-D-10C";"10C";4;6.5;"Desktop";"";"PBSP"
1158;110013965;"GXIV-4-D-10C";"10C";4;6.5;"Desktop";"";"PBSP"
1159;110014085;"GXIV-4-D-10C";"10C";4;0.0;"Desktop";"";"MACARE-HBDC"
1160;110014099;"GXIV-4-D-10C";"10C";4;0.0;"Desktop";"";"MACARE-HBDC"
1161;110014171;"GXXVI-16-D-10C";"10C";16;0.0;"Desktop";"";"MACARE-HBDC"
1162;110014186;"GXXVI-16-D-10C";"10C";16;0.0;"Desktop";"";"MACARE-HBDC"
1163;110014996;"GXIV-4-D-10C";"10C";4;0.0;"Desktop";"Tie-up";"COMMERCIAL"
1164;110015481;"GXIV-4-D-10C";"10C";4;0.0;"Desktop";"";"MACARE-HBDC"
1165;110015482;"GXIV-4-D-10C";"10C";4;0.0;"Desktop";"";"MACARE-HBDC"
1166;110015487;"GXIV-4-D-10C";"10C";4;0.0;"Desktop";"";"MACARE-HBDC"
1167;110015767;"GXXVI-16-D-10C";"10C";16;0.0;"Desktop";"Purchase";"COMMERCIAL"
1168;110016107;"GXIV-4-D-10C";"10C";4;0.0;"Desktop";"";"MACARE-HBDC"
1169;110016112;"GXIV-4-D-10C";"10C";4;0.0;"Desktop";"";"MACARE-HBDC"
1170;110016343;"GXXVI-16-D-10C";"10C";16;0.0;"Desktop";"";"MACARE-HBDC"
1171;110016781;"GXIV-4-D-10C";"10C";4;0.0;"Desktop";"";"UNOPS"
1172;110016785;"GXIV-4-D-10C";"10C";4;0.0;"Desktop";"";"MACARE-HBDC"
1173;110016786;"GXIV-4-D-10C";"10C";4;6.4;"Desktop";"";"MACARE-HBDC"
1174;110016954;"GXIV-4-D-10C";"10C";4;0.0;"Desktop";"";"PBSP"
1175;110016955;"GXIV-4-D-10C";"10C";4;0.0;"Desktop";"";"PBSP"
1176;110016957;"GXIV-4-D-10C";"10C";4;0.0;"Desktop";"";"PBSP"
1177;110016958;"GXIV-4-D-10C";"10C";4;0.0;"Desktop";"";"PBSP"
1178;110016959;"GXIV-4-D-10C";"10C";4;0.0;"Desktop";"";"PBSP"
1179;110017599;"GXIV-2-D-10C";"10C";2;0.0;"Desktop";"";"CONSORTIUM"
1180;110017869;"GXIV-4-D-10C";"10C";4;0.0;"Desktop";"";"MACARE-HBDC"
1181;110017870;"GXIV-4-D-10C";"10C";4;0.0;"Desktop";"";"MACARE-HBDC"
1182;110017894;"GXIV-4-D-10C";"10C";4;0.0;"Desktop";"";"MACARE-HBDC"
1183;110017942;"GXIV-4-D-10C";"10C";4;0.0;"Desktop";"Purchase";"COMMERCIAL"
1184;110018008;"GXIV-4-D-10C";"10C";4;0.0;"Desktop";"";"CONSORTIUM"
1185;110018056;"GXIV-4-D-10C";"10C";4;0.0;"Desktop";"";"PBSP"
1186;110018312;"GXIV-4-D-10C";"10C";4;0.0;"Desktop";"";"CONSORTIUM"
1187;110018556;"GXIV-4-D-10C";"10C";4;0.0;"Desktop";"";"MACARE-HBDC"
1188;110019479;"GXIV-4-L-10C";"10C";4;6.4;"Laptop";"";"ENANTA PHARMACEUTICALS"
1189;110019600;"GXIV-4-D-10C";"10C";4;6.5;"Desktop";"";"PBSP"
1190;110019618;"GXIV-4-D-10C";"10C";4;0.0;"Desktop";"";"PBSP"
1191;110019619;"GXIV-4-D-10C";"10C";4;6.5;"Desktop";"";"PBSP"
1192;110019620;"GXIV-4-D-10C";"10C";4;0.0;"Desktop";"";"PBSP"
1193;110019621;"GXIV-4-D-10C";"10C";4;6.5;"Desktop";"";"PBSP"
1194;110019622;"GXIV-4-D-10C";"10C";4;6.5;"Desktop";"";"PBSP"
1195;110019623;"GXIV-4-D-10C";"10C";4;6.5;"Desktop";"";"PBSP"
1196;110019624;"GXIV-4-D-10C";"10C";4;6.5;"Desktop";"";"PBSP"
1197;110019625;"GXIV-4-D-10C";"10C";4;6.5;"Desktop";"";"PBSP"
1198;110019626;"GXIV-4-D-10C";"10C";4;0.0;"Desktop";"";"PBSP"
1199;110019627;"GXIV-4-D-10C";"10C";4;6.5;"Desktop";"";"PBSP"
1200;110020260;"GXIV-4-D-10C";"10C";4;6.5;"Desktop";"";"PBSP"
1201;110020261;"GXIV-4-D-10C";"10C";4;6.5;"Desktop";"";"PBSP"
1202;110020262;"GXIV-4-D-10C";"10C";4;6.5;"Desktop";"";"PBSP"
1203;110020263;"GXIV-4-D-10C";"10C";4;6.5;"Desktop";"";"PBSP"
1204;110020264;"GXIV-4-D-10C";"10C";4;6.5;"Desktop";"";"PBSP"
1205;110020275;"GXIV-4-D-10C";"10C";4;6.5;"Desktop";"";"PBSP"
1206;110020276;"GXIV-4-D-10C";"10C";4;6.5;"Desktop";"";"PBSP"
1207;110020277;"GXIV-4-D-10C";"10C";4;6.5;"Desktop";"";"PBSP"
1208;110020278;"GXIV-4-D-10C";"10C";4;6.5;"Desktop";"";"PBSP"
1209;110020279;"GXIV-4-D-10C";"10C";4;6.5;"Desktop";"";"PBSP"
1210;110020311;"GXIV-4-D-10C";"10C";4;6.5;"Desktop";"";"PBSP"
1211;110020314;"GXIV-4-D-10C";"10C";4;6.5;"Desktop";"";"PBSP"
1212;110020360;"GXIV-4-D-10C";"10C";4;6.5;"Desktop";"";"PBSP"
1213;110020361;"GXIV-4-D-10C";"10C";4;6.5;"Desktop";"";"PBSP"
1214;110020362;"GXIV-4-D-10C";"10C";4;6.5;"Desktop";"";"PBSP"
1215;110020363;"GXIV-4-D-10C";"10C";4;6.5;"Desktop";"";"PBSP"
1216;110020384;"GXIV-4-D-10C";"10C";4;6.5;"Desktop";"";"PBSP"
1217;110020385;"GXIV-4-D-10C";"10C";4;0.0;"Desktop";"";"PBSP"
1218;110020386;"GXIV-4-D-10C";"10C";4;6.5;"Desktop";"";"PBSP"
1219;110020387;"GXIV-4-D-10C";"10C";4;0.0;"Desktop";"";"PBSP"
1220;110020388;"GXIV-4-D-10C";"10C";4;0.0;"Desktop";"";"PBSP"
1221;110020389;"GXIV-4-D-10C";"10C";4;6.5;"Desktop";"";"PBSP"
1222;110020390;"GXIV-4-D-10C";"10C";4;6.5;"Desktop";"";"PBSP"
1223;110020391;"GXIV-4-D-10C";"10C";4;0.0;"Desktop";"";"PBSP"
1224;110020392;"GXIV-4-D-10C";"10C";4;6.5;"Desktop";"";"PBSP"
1225;110020393;"GXIV-4-D-10C";"10C";4;6.5;"Desktop";"";"PBSP"
1226;110020394;"GXIV-4-D-10C";"10C";4;6.5;"Desktop";"";"PBSP"
1227;110020679;"GXIV-4-D-10C";"10C";4;6.5;"Desktop";"";"PBSP"
1228;110020680;"GXIV-4-D-10C";"10C";4;6.5;"Desktop";"";"PBSP"
1229;110020681;"GXIV-4-D-10C";"10C";4;6.5;"Desktop";"";"PBSP"
1230;110020682;"GXIV-4-D-10C";"10C";4;0.0;"Desktop";"";"PBSP"
1231;110020683;"GXIV-4-D-10C";"10C";4;6.5;"Desktop";"";"PBSP"
1232;110020684;"GXIV-4-D-10C";"10C";4;6.5;"Desktop";"";"PBSP"
1233;110020685;"GXIV-4-D-10C";"10C";4;6.5;"Desktop";"";"PBSP"
1234;110020696;"GXIV-4-D-10C";"10C";4;0.0;"Desktop";"";"MACARE-HBDC"
1235;110020697;"GXIV-4-D-10C";"10C";4;6.5;"Desktop";"";"MACARE-HBDC"
1236;110020698;"GXIV-4-D-10C";"10C";4;6.5;"Desktop";"";"MACARE-HBDC"
1237;110020699;"GXIV-4-D-10C";"10C";4;0.0;"Desktop";"";"MACARE-HBDC"
1238;110020700;"GXIV-4-D-10C";"10C";4;0.0;"Desktop";"";"CONSORTIUM"
1239;110020743;"GXIV-4-D-10C";"10C";4;0.0;"Desktop";"";"MACARE-HBDC"
1240;110020745;"GXIV-4-D-10C";"10C";4;0.0;"Desktop";"";"MACARE-HBDC"
1241;110020777;"GXIV-4-D-10C";"10C";4;0.0;"Desktop";"Purchase";"COMMERCIAL"
1242;110021518;"GXXVI-16-D-10C";"10C";16;0.0;"Desktop";"";"MACARE-HBDC"
1243;110021716;"GXIV-4-D-10C";"10C";4;0.0;"Desktop";"";"MACARE-HBDC"
1244;110022374;"GXXVI-16-D-10C";"10C";16;0.0;"Desktop";"";"MACARE-HBDC"
1245;110022474;"GXIV-4-D-10C";"10C";4;6.5;"Desktop";"";"MACARE-HBDC"
1246;110022580;"GXIV-4-D-10C";"10C";4;0.0;"Desktop";"";"UNOPS"
1247;110022622;"GXIV-2-D-10C";"10C";2;6.5;"Desktop";"";"CONSORTIUM"
1248;110023457;"GXIV-4-D-10C";"10C";4;6.5;"Desktop";"";"DONATION"
1249;110023460;"GXIV-4-D-10C";"10C";4;6.5;"Desktop";"";"MACARE-HBDC"
1250;110023494;"GXIV-4-D-10C";"10C";4;6.5;"Desktop";"";"UNOPS"
1251;110023495;"GXIV-4-D-10C";"10C";4;6.5;"Desktop";"";"UNOPS"
1252;110023496;"GXIV-4-D-10C";"10C";4;6.5;"Desktop";"";"UNOPS"
1253;110023497;"GXIV-4-D-10C";"10C";4;6.5;"Desktop";"";"UNOPS"
1254;110023498;"GXIV-4-D-10C";"10C";4;6.5;"Desktop";"";"UNOPS"
1255;110023499;"GXIV-4-D-10C";"10C";4;6.5;"Desktop";"";"UNOPS"
1256;110023500;"GXIV-4-D-10C";"10C";4;6.5;"Desktop";"";"UNOPS"
1257;110023501;"GXIV-4-D-10C";"10C";4;6.5;"Desktop";"";"UNOPS"
1258;110023502;"GXIV-4-D-10C";"10C";4;0.0;"Desktop";"";"UNOPS"
1259;110023503;"GXIV-4-D-10C";"10C";4;6.5;"Desktop";"";"UNOPS"
1260;110023504;"GXIV-4-D-10C";"10C";4;6.5;"Desktop";"";"UNOPS"
1261;110023505;"GXIV-4-D-10C";"10C";4;0.0;"Desktop";"";"UNOPS"
1262;110023506;"GXIV-4-D-10C";"10C";4;6.5;"Desktop";"";"UNOPS"
1263;110023507;"GXIV-4-D-10C";"10C";4;6.5;"Desktop";"";"UNOPS"
1264;110023508;"GXIV-4-D-10C";"10C";4;6.5;"Desktop";"";"UNOPS"
1265;110023509;"GXIV-4-D-10C";"10C";4;6.5;"Desktop";"";"UNOPS"
1266;110023510;"GXIV-4-D-10C";"10C";4;6.5;"Desktop";"";"UNOPS"
1267;110023511;"GXIV-4-D-10C";"10C";4;0.0;"Desktop";"";"UNOPS"
1268;110023512;"GXIV-4-D-10C";"10C";4;6.5;"Desktop";"";"UNOPS"
1269;110023513;"GXIV-4-D-10C";"10C";4;6.5;"Desktop";"";"UNOPS"
1270;110023514;"GXIV-4-D-10C";"10C";4;0.0;"Desktop";"";"UNOPS"
1271;110023515;"GXIV-4-D-10C";"10C";4;6.5;"Desktop";"";"UNOPS"
1272;110023516;"GXIV-4-D-10C";"10C";4;6.5;"Desktop";"";"UNOPS"
1273;110023517;"GXIV-4-D-10C";"10C";4;6.5;"Desktop";"";"UNOPS"
1274;110023518;"GXIV-4-D-10C";"10C";4;0.0;"Desktop";"";"UNOPS"
1275;110023519;"GXIV-4-D-10C";"10C";4;6.5;"Desktop";"";"UNOPS"
1276;110023520;"GXIV-4-D-10C";"10C";4;6.5;"Desktop";"";"UNOPS"
1277;110023521;"GXIV-4-D-10C";"10C";4;6.5;"Desktop";"";"UNOPS"
1278;110023522;"GXIV-4-D-10C";"10C";4;6.5;"Desktop";"";"UNOPS"
1279;110023523;"GXIV-4-D-10C";"10C";4;6.5;"Desktop";"";"UNOPS"
1280;110023524;"GXIV-4-D-10C";"10C";4;6.5;"Desktop";"";"UNOPS"
1281;110023525;"GXIV-4-D-10C";"10C";4;6.5;"Desktop";"";"UNOPS"
1282;110023526;"GXIV-4-D-10C";"10C";4;0.0;"Desktop";"";"UNOPS"
1283;110023527;"GXIV-4-D-10C";"10C";4;0.0;"Desktop";"";"UNOPS"
1284;110023528;"GXIV-4-D-10C";"10C";4;0.0;"Desktop";"";"UNOPS"
1285;110023529;"GXIV-4-D-10C";"10C";4;0.0;"Desktop";"";"UNOPS"
1286;110023530;"GXIV-4-D-10C";"10C";4;0.0;"Desktop";"";"UNOPS"
1287;110023531;"GXIV-4-D-10C";"10C";4;0.0;"Desktop";"";"UNOPS"
1288;110023532;"GXIV-4-D-10C";"10C";4;0.0;"Desktop";"";"UNOPS"
1289;110023533;"GXIV-4-D-10C";"10C";4;0.0;"Desktop";"";"UNOPS"
1290;110023534;"GXIV-4-D-10C";"10C";4;0.0;"Desktop";"";"UNOPS"
1291;110023535;"GXIV-4-D-10C";"10C";4;0.0;"Desktop";"";"UNOPS"
1292;110023536;"GXIV-4-D-10C";"10C";4;0.0;"Desktop";"";"UNOPS"
1293;110023537;"GXIV-4-D-10C";"10C";4;0.0;"Desktop";"";"UNOPS"
1294;110023538;"GXIV-4-D-10C";"10C";4;0.0;"Desktop";"";"UNOPS"
1295;110023539;"GXIV-4-D-10C";"10C";4;0.0;"Desktop";"";"UNOPS"
1296;110023540;"GXIV-4-D-10C";"10C";4;0.0;"Desktop";"";"UNOPS"
1297;110023541;"GXIV-4-D-10C";"10C";4;0.0;"Desktop";"";"UNOPS"
1298;110023542;"GXIV-4-D-10C";"10C";4;0.0;"Desktop";"";"UNOPS"
1299;110023543;"GXIV-4-D-10C";"10C";4;0.0;"Desktop";"";"UNOPS"
1300;110024072;"GXIV-4-D-10C";"10C";4;0.0;"Desktop";"";"MACARE-HBDC"
1301;110024073;"GXIV-4-D-10C";"10C";4;0.0;"Desktop";"";"MACARE-HBDC"
1302;110024245;"GXIV-4-D-10C";"10C";4;6.5;"Desktop";"";"MACARE-HBDC"
1303;110024246;"GXIV-4-D-10C";"10C";4;6.5;"Desktop";"";"MACARE-HBDC"
1304;110024247;"GXIV-4-D-10C";"10C";4;6.5;"Desktop";"";"MACARE-HBDC"
1305;110024248;"GXIV-4-D-10C";"10C";4;6.5;"Desktop";"";"MACARE-HBDC"
1306;110024249;"GXIV-4-D-10C";"10C";4;6.5;"Desktop";"";"MACARE-HBDC"
1307;110024270;"GXIV-4-D-10C";"10C";4;6.5;"Desktop";"Purchase";"COMMERCIAL"
1308;110024552;"GXIV-4-D-10C";"10C";4;6.5;"Desktop";"";"CONSORTIUM"
1309;110024553;"GXIV-4-D-10C";"10C";4;6.5;"Desktop";"";"CONSORTIUM"
1310;110024615;"GXIV-4-D-10C";"10C";4;6.5;"Desktop";"";"MACARE-HBDC"
1311;110025111;"GXIV-4-D-10C";"10C";4;0.0;"Desktop";"";"MACARE-HBDC"
1312;110025127;"GXIV-4-D-10C";"10C";4;0.0;"Desktop";"";"MACARE-HBDC"
1313;110025128;"GXIV-4-D-10C";"10C";4;0.0;"Desktop";"";"MACARE-HBDC"
1314;110025132;"GXIV-4-D-10C";"10C";4;6.5;"Desktop";"";"SWIFT TB PROGRAM - USAID DONATION"
1315;110025133;"GXIV-4-D-10C";"10C";4;6.5;"Desktop";"";"SWIFT TB PROGRAM - USAID DONATION"
1316;110025134;"GXIV-4-D-10C";"10C";4;6.5;"Desktop";"";"SWIFT TB PROGRAM - USAID DONATION"
1317;110025135;"GXIV-4-D-10C";"10C";4;6.5;"Desktop";"";"SWIFT TB PROGRAM - USAID DONATION"
1318;110025138;"GXIV-4-D-10C";"10C";4;6.5;"Desktop";"";"SWIFT TB PROGRAM - USAID DONATION"
1319;110025174;"GXIV-2-D-10C";"10C";2;0.0;"Desktop";"";"MACARE-HBDC"
1320;110025428;"GXIV-4-D-10C";"10C";4;6.5;"Desktop";"";"SWIFT TB PROGRAM - USAID DONATION"
1321;110025429;"GXIV-4-D-10C";"10C";4;6.5;"Desktop";"";"SWIFT TB PROGRAM - USAID DONATION"
1322;110025430;"GXIV-4-D-10C";"10C";4;6.5;"Desktop";"";"SWIFT TB PROGRAM - USAID DONATION"
1323;110025431;"GXIV-4-D-10C";"10C";4;6.5;"Desktop";"";"SWIFT TB PROGRAM - USAID DONATION"
1324;110025432;"GXIV-4-D-10C";"10C";4;6.5;"Desktop";"";"SWIFT TB PROGRAM - USAID DONATION"
1325;110025433;"GXIV-4-D-10C";"10C";4;6.5;"Desktop";"";"SWIFT TB PROGRAM - USAID DONATION"
1326;110025434;"GXIV-4-D-10C";"10C";4;6.5;"Desktop";"";"SWIFT TB PROGRAM - USAID DONATION"
1327;110025435;"GXIV-4-D-10C";"10C";4;6.5;"Desktop";"";"SWIFT TB PROGRAM - USAID DONATION"
1328;110025437;"GXIV-4-D-10C";"10C";4;6.5;"Desktop";"";"SWIFT TB PROGRAM - USAID DONATION"
1329;110025567;"GXIV-4-D-10C";"10C";4;6.5;"Desktop";"Purchase";"COMMERCIAL"
1330;110025706;"GXIV-4-D-10C";"10C";4;0.0;"Desktop";"";"MACARE-HBDC"
1331;110025742;"GXIV-4-D-10C";"10C";4;0.0;"Desktop";"";"MACARE-HBDC"
1332;110026448;"GXXVI-16-D-10C";"10C";16;6.5;"Desktop";"Purchase";"COMMERCIAL"
1333;110026461;"GXIV-4-D-10C";"10C";4;6.5;"Desktop";"";"MACARE-HBDC"
1334;110026463;"GXIV-4-D-10C";"10C";4;6.5;"Desktop";"";"MACARE-HBDC"
1335;110026464;"GXIV-4-D-10C";"10C";4;6.5;"Desktop";"";"MACARE-HBDC"
1336;110026465;"GXIV-4-D-10C";"10C";4;6.5;"Desktop";"";"MACARE-HBDC"
1337;110026513;"GXIV-4-D-10C";"10C";4;6.5;"Desktop";"";"MACARE-HBDC"
1338;110026514;"GXIV-4-D-10C";"10C";4;6.5;"Desktop";"";"MACARE-HBDC"
1339;110026767;"GXIV-4-D-10C";"10C";4;6.5;"Desktop";"";"MACARE-HBDC"
1340;110026840;"GXIV-4-D-10C";"10C";4;6.5;"Desktop";"";"MACARE-HBDC"
1341;110026843;"GXIV-4-D-10C";"10C";4;6.5;"Desktop";"";"MACARE-HBDC"
1342;110027030;"GXXVI-16-D-10C";"10C";16;6.5;"Desktop";"";"MACARE-HBDC"
1343;110027240;"GXIV-4-D-10C";"10C";4;6.5;"Desktop";"";"COMMERCIAL"
1344;110027247;"GXIV-4-D-10C";"10C";4;6.5;"Desktop";"";"MACARE-HBDC"
1345;110027248;"GXIV-4-D-10C";"10C";4;6.5;"Desktop";"";"MACARE-HBDC"
1346;110027249;"GXIV-4-D-10C";"10C";4;6.5;"Desktop";"";"MACARE-HBDC"
1347;110027386;"GXIV-4-D-10C";"10C";4;6.5;"Desktop";"";"MACARE-HBDC"
1348;120000022;"GXIV-4-D-10C";"10C";4;0.0;"Desktop";"";"DONATION"
1349;120000127;"GXIV-4-D-10C";"10C";4;0.0;"Desktop";"";"SHELL"
1350;120000128;"GXIV-4-D-10C";"10C";4;0.0;"Desktop";"";"SHELL"
1351;120000133;"GXIV-4-D-10C";"10C";4;0.0;"Desktop";"";"SHELL"
1352;120000140;"GXIV-4-D-10C";"10C";4;0.0;"Desktop";"";"SHELL"
1353;120000141;"GXIV-4-D-10C";"10C";4;0.0;"Desktop";"";"SHELL"
1354;120000143;"GXIV-4-D-10C";"10C";4;0.0;"Desktop";"";"SHELL"
1355;120000146;"GXIV-4-D-10C";"10C";4;6.4;"Desktop";"";"SHELL"
1356;120000147;"GXIV-4-D-10C";"10C";4;0.0;"Desktop";"";"SHELL"
1357;120000170;"GXIV-4-D-10C";"10C";4;0.0;"Desktop";"";"PBSP"
1358;120000171;"GXIV-4-D-10C";"10C";4;0.0;"Desktop";"";"PBSP"
1359;120000172;"GXIV-4-D-10C";"10C";4;0.0;"Desktop";"";"PBSP"
1360;120000173;"GXIV-4-D-10C";"10C";4;0.0;"Desktop";"";"PBSP"
1361;120000175;"GXIV-4-D-10C";"10C";4;0.0;"Desktop";"";"PBSP"
1362;120000177;"GXIV-4-D-10C";"10C";4;0.0;"Desktop";"";"PBSP"
1363;120000178;"GXIV-4-D-10C";"10C";4;0.0;"Desktop";"";"PBSP"
1364;120000179;"GXIV-4-D-10C";"10C";4;0.0;"Desktop";"";"PBSP"
1365;120000180;"GXIV-4-D-10C";"10C";4;0.0;"Desktop";"";"PBSP"
1366;120000182;"GXIV-4-D-10C";"10C";4;0.0;"Desktop";"";"PBSP"
1367;120000475;"GXIV-4-D-10C";"10C";4;6.5;"Desktop";"";"PBSP"
1368;120000476;"GXIV-4-D-10C";"10C";4;6.5;"Desktop";"";"PBSP"
1369;120000478;"GXIV-4-D-10C";"10C";4;0.0;"Desktop";"";"PBSP"
1370;120000480;"GXIV-4-D-10C";"10C";4;6.5;"Desktop";"";"PBSP"
1371;120000482;"GXIV-4-D-10C";"10C";4;0.0;"Desktop";"";"PBSP"
1372;120000483;"GXIV-4-D-10C";"10C";4;0.0;"Desktop";"";"PBSP"
1373;120000484;"GXIV-4-D-10C";"10C";4;6.5;"Desktop";"";"PBSP"
1374;120000486;"GXIV-4-D-10C";"10C";4;6.5;"Desktop";"";"PBSP"
1375;120000488;"GXIV-4-D-10C";"10C";4;6.5;"Desktop";"";"PBSP"
1376;120000489;"GXIV-4-D-10C";"10C";4;6.5;"Desktop";"";"PBSP"
1377;120000490;"GXIV-4-D-10C";"10C";4;6.5;"Desktop";"";"PBSP"
1378;120000493;"GXIV-4-D-10C";"10C";4;6.5;"Desktop";"";"PBSP"
1379;120000494;"GXIV-4-D-10C";"10C";4;6.5;"Desktop";"";"PBSP"
1380;120000495;"GXIV-4-D-10C";"10C";4;6.5;"Desktop";"";"PBSP"
1381;120000498;"GXIV-4-D-10C";"10C";4;6.5;"Desktop";"";"PBSP"
1382;120000499;"GXIV-4-D-10C";"10C";4;0.0;"Desktop";"";"PBSP"
1383;120000500;"GXIV-4-D-10C";"10C";4;0.0;"Desktop";"";"PBSP"
1384;120000501;"GXIV-4-D-10C";"10C";4;6.5;"Desktop";"";"PBSP"
1385;120000503;"GXIV-4-D-10C";"10C";4;6.5;"Desktop";"";"PBSP"
1386;120000504;"GXIV-4-D-10C";"10C";4;0.0;"Desktop";"";"PBSP"
1387;120000537;"GXIV-4-D-10C";"10C";4;6.5;"Desktop";"";"PBSP"
1388;120000555;"GXIV-4-D-10C";"10C";4;6.5;"Desktop";"";"PBSP"
1389;120000577;"GXIV-4-D-10C";"10C";4;6.5;"Desktop";"";"MACARE-HBDC"
1390;120000590;"GXIV-4-D-10C";"10C";4;6.5;"Desktop";"";"PBSP"
1391;120000591;"GXIV-4-D-10C";"10C";4;6.5;"Desktop";"";"PBSP"
1392;120000593;"GXIV-4-D-10C";"10C";4;6.5;"Desktop";"";"PBSP"
1393;120000598;"GXIV-4-D-10C";"10C";4;6.5;"Desktop";"";"PBSP"
1394;120000604;"GXIV-4-D-10C";"10C";4;0.0;"Desktop";"";"PBSP"
1395;120000605;"GXIV-4-D-10C";"10C";4;6.5;"Desktop";"";"PBSP"
1396;120000606;"GXIV-4-D-10C";"10C";4;6.5;"Desktop";"";"PBSP"
1397;120000608;"GXIV-4-D-10C";"10C";4;6.5;"Desktop";"";"PBSP"
1398;120000609;"GXIV-4-D-10C";"10C";4;6.5;"Desktop";"";"PBSP"
1399;120000612;"GXIV-4-D-10C";"10C";4;6.5;"Desktop";"";"PBSP"
1400;120000613;"GXIV-4-D-10C";"10C";4;0.0;"Desktop";"";"MACARE-HBDC"
1401;120000719;"GXIV-4-D-10C";"10C";4;6.5;"Desktop";"";"PBSP"
1402;120000720;"GXIV-4-D-10C";"10C";4;0.0;"Desktop";"";"PBSP"
1403;120000724;"GXIV-4-D-10C";"10C";4;6.5;"Desktop";"";"PBSP"
1404;120000726;"GXIV-4-D-10C";"10C";4;6.5;"Desktop";"";"PBSP"
1405;120000727;"GXIV-4-D-10C";"10C";4;6.5;"Desktop";"";"PBSP"
1406;120000731;"GXIV-4-D-10C";"10C";4;6.5;"Desktop";"";"PBSP"
1407;120000732;"GXIV-4-D-10C";"10C";4;0.0;"Desktop";"";"PBSP"
1408;120000737;"GXIV-4-D-10C";"10C";4;6.5;"Desktop";"";"PBSP"
1409;120000738;"GXIV-4-D-10C";"10C";4;6.5;"Desktop";"";"PBSP"
1410;120000741;"GXIV-4-D-10C";"10C";4;0.0;"Desktop";"";"PBSP"
1411;120002026;"GXIV-4-D-10C";"10C";4;0.0;"Desktop";"";"CONSORTIUM"
1412;120002383;"GXIV-4-D-10C";"10C";4;6.5;"Desktop";"Tie-up";"COMMERCIAL"
1413;120002441;"GXIV-4-L-10C";"10C";4;0.0;"Laptop";"";"MACARE-HBDC"
1414;120002716;"GXIV-4-D-10C";"10C";4;6.5;"Desktop";"Purchase";"COMMERCIAL"
1415;120002889;"GXIV-4-D-10C";"10C";4;6.5;"Desktop";"Purchase";"COMMERCIAL"
1416;120002891;"GXIV-4-D-10C";"10C";4;0.0;"Desktop";"";"MACARE-HBDC"
1417;120003480;"GXIV-4-D-10C";"10C";4;0.0;"Desktop";"";"MACARE-HBDC"
1418;120003504;"GXIV-4-D-10C";"10C";4;0.0;"Desktop";"";"MACARE-HBDC"
1419;120003510;"GXIV-4-D-10C";"10C";4;0.0;"Desktop";"";"MACARE-HBDC"
1420;120003581;"GXIV-4-D-10C";"10C";4;0.0;"Desktop";"";"MACARE-HBDC"
1421;120003582;"GXIV-4-D-10C";"10C";4;0.0;"Desktop";"";"MACARE-HBDC"
1422;120003587;"GXIV-4-D-10C";"10C";4;0.0;"Desktop";"";"MACARE-HBDC"
1423;120006949;"GXIV-4-D-10C";"10C";4;6.5;"Desktop";"";"MACARE-HBDC"
1424;120007067;"GXIV-4-D-10C";"10C";4;6.5;"Desktop";"";"MACARE-HBDC"
